timestamp,pid,rss_mb,vsz_mb,cpu_pct,mem_pct,sys_total_mb,sys_used_mb,sys_free_mb
2026-04-28 05:09:23,1896,360.8,20358.1,244,0.0,515002,19405,416930
2026-04-28 05:09:28,1896,372.1,20479.6,158,0.0,515002,19414,416965
2026-04-28 05:09:33,1896,379.5,20469.1,121,0.0,515002,19506,416885
2026-04-28 05:09:38,1896,386.2,20835.2,95.3,0.0,515002,19506,416884
2026-04-28 05:09:43,1896,387.1,20836.0,78.6,0.0,515002,19488,416901
2026-04-28 05:09:48,1896,3733.5,30765.2,78.2,0.7,515002,22869,413493
2026-04-28 05:09:53,1896,11958.4,48664.7,101,2.3,515002,31219,405121
2026-04-28 05:09:58,1896,11390.9,47532.5,100,2.2,515002,30638,405702
2026-04-28 05:10:03,1896,39167.9,108423.3,100,7.6,515002,58167,378173
2026-04-28 05:10:08,1896,72294.3,108461.3,100,14.0,515002,91164,345010
2026-04-28 05:10:13,1896,94730.9,142702.6,100,18.3,515002,113874,322409
2026-04-28 05:10:18,1896,133580.0,190380.2,100,25.9,515002,153124,283135
2026-04-28 05:10:23,1896,58884.2,95025.1,100,11.4,515002,78495,357733
2026-04-28 05:10:28,1896,58884.2,95025.1,100,11.4,515002,78485,357743
2026-04-28 05:10:33,1896,58884.2,95025.1,100,11.4,515002,78450,357778
2026-04-28 05:10:38,1896,58884.2,95025.1,100,11.4,515002,78543,357685
2026-04-28 05:10:43,1896,106803.5,142944.5,100,20.7,515002,126281,310010
2026-04-28 05:10:48,1896,106803.5,142944.5,100,20.7,515002,126261,310029
2026-04-28 05:10:53,1896,106803.5,142944.5,100,20.7,515002,126256,310035
2026-04-28 05:10:58,1896,106803.5,142944.5,100,20.7,515002,126059,310284
2026-04-28 05:11:04,1896,106803.5,142944.5,100,20.7,515002,125683,310661
2026-04-28 05:11:09,1896,106803.5,142944.5,100,20.7,515002,125729,310452
2026-04-28 05:11:14,1896,106803.5,142944.5,99.2,20.7,515002,125753,310424
2026-04-28 05:11:19,1896,106803.5,142944.5,99.2,20.7,515002,125819,310468
2026-04-28 05:11:24,1896,106803.5,142944.5,99.2,20.7,515002,126146,310101
2026-04-28 05:11:29,1896,106803.5,142944.5,99.2,20.7,515002,126289,309943
2026-04-28 05:11:34,1896,106803.5,142944.5,99.3,20.7,515002,126278,309954
2026-04-28 05:11:39,1896,106803.5,142944.5,99.3,20.7,515002,126237,309995
2026-04-28 05:11:44,1896,106803.5,142944.5,99.3,20.7,515002,126248,310042
2026-04-28 05:11:49,1896,106803.5,142944.5,99.3,20.7,515002,126219,310071
2026-04-28 05:11:54,1896,106803.5,142944.5,99.3,20.7,515002,126213,310077
2026-04-28 05:11:59,1896,106803.5,142944.5,99.3,20.7,515002,126198,310091
2026-04-28 05:12:04,1896,106803.5,142944.5,99.4,20.7,515002,125593,310750
2026-04-28 05:12:09,1896,106803.5,142944.5,99.4,20.7,515002,125719,310498
2026-04-28 05:12:14,1896,106803.5,142944.5,99.4,20.7,515002,125667,310509
2026-04-28 05:12:19,1896,106803.5,142944.5,99.4,20.7,515002,125737,310549
2026-04-28 05:12:24,1896,106803.5,142944.5,99.4,20.7,515002,126042,310225
2026-04-28 05:12:29,1896,106803.5,142944.5,99.4,20.7,515002,126222,310010
2026-04-28 05:12:34,1896,106803.5,142944.5,99.4,20.7,515002,126226,310006
2026-04-28 05:12:39,1896,106803.5,142944.5,99.4,20.7,515002,126213,310018
2026-04-28 05:12:44,1896,106803.5,142944.5,99.4,20.7,515002,126256,309979
2026-04-28 05:12:49,1896,106803.5,142944.5,99.5,20.7,515002,126202,310087
2026-04-28 05:12:54,1896,106803.5,142944.5,99.5,20.7,515002,126190,310099
2026-04-28 05:12:59,1896,106803.5,142944.5,99.5,20.7,515002,126168,310121
2026-04-28 05:13:04,1896,106803.5,142944.5,99.5,20.7,515002,126048,310294
2026-04-28 05:13:09,1896,106803.5,142944.5,99.5,20.7,515002,125701,310573
2026-04-28 05:13:14,1896,106803.5,142944.5,99.5,20.7,515002,125679,310498
2026-04-28 05:13:19,1896,106803.5,142944.5,99.5,20.7,515002,125647,310640
2026-04-28 05:13:24,1896,106803.5,142944.5,99.5,20.7,515002,125953,310333
2026-04-28 05:13:29,1896,106803.5,142944.5,99.5,20.7,515002,126028,310221
2026-04-28 05:13:34,1896,106803.5,142944.5,99.5,20.7,515002,126183,310048
2026-04-28 05:13:39,1896,106803.5,142944.5,99.5,20.7,515002,126162,310069
2026-04-28 05:13:44,1896,106803.5,142944.5,99.5,20.7,515002,126144,310087
2026-04-28 05:13:49,1896,126591.1,190622.0,99.5,24.5,515002,146222,290027
2026-04-28 05:13:55,1896,154481.0,190622.0,99.5,29.9,515002,173980,262309
2026-04-28 05:14:00,1896,154481.0,190622.0,99.5,29.9,515002,173972,262317
2026-04-28 05:14:05,1896,106803.5,142944.5,99.2,20.7,515002,126265,310023
2026-04-28 05:14:10,1896,106803.5,142944.5,99.2,20.7,515002,126149,310192
2026-04-28 05:14:15,1896,106803.5,142944.5,99.2,20.7,515002,125792,310457
2026-04-28 05:14:20,1896,106803.5,142944.5,99.2,20.7,515002,125679,310496
2026-04-28 05:14:25,1896,106803.5,142944.5,99.3,20.7,515002,125725,310560
2026-04-28 05:14:30,1896,106803.5,142944.5,99.3,20.7,515002,126028,310257
2026-04-28 05:14:35,1896,106803.5,142944.5,99.3,20.7,515002,126311,309919
2026-04-28 05:14:40,1896,106803.5,142944.5,99.3,20.7,515002,126310,309920
2026-04-28 05:14:45,1896,106803.5,142944.5,99.3,20.7,515002,126306,309924
2026-04-28 05:14:50,1896,106803.5,142944.5,99.3,20.7,515002,126300,309930
2026-04-28 05:14:55,1896,106803.5,142944.5,99.3,20.7,515002,126357,309931
2026-04-28 05:15:00,1896,106803.5,142944.5,99.3,20.7,515002,126349,309938
2026-04-28 05:15:05,1896,106803.5,142944.5,99.3,20.7,515002,126339,309948
2026-04-28 05:15:10,1896,106803.5,142944.5,99.3,20.7,515002,126210,310133
2026-04-28 05:15:15,1896,106803.5,142944.5,99.3,20.7,515002,125736,310605
2026-04-28 05:15:20,1896,106803.5,142944.5,99.3,20.7,515002,125854,310345
2026-04-28 05:15:25,1896,106803.5,142944.5,99.3,20.7,515002,125804,310372
2026-04-28 05:15:30,1896,106803.5,142944.5,99.3,20.7,515002,126054,310232
2026-04-28 05:15:35,1896,106803.5,142944.5,99.4,20.7,515002,126195,310056
2026-04-28 05:15:40,1896,106803.5,142944.5,99.4,20.7,515002,126390,309841
2026-04-28 05:15:45,1896,106803.5,142944.5,99.4,20.7,515002,126378,309852
2026-04-28 05:15:50,1896,106803.5,142944.5,99.4,20.7,515002,126368,309863
2026-04-28 05:15:55,1896,106803.5,142944.5,99.4,20.7,515002,126450,309838
2026-04-28 05:16:00,1896,106803.5,142944.5,99.4,20.7,515002,126415,309873
2026-04-28 05:16:05,1896,106803.5,142944.5,99.4,20.7,515002,126423,309865
2026-04-28 05:16:10,1896,106803.5,142944.5,99.4,20.7,515002,126404,309884
2026-04-28 05:16:15,1896,106803.5,142944.5,99.4,20.7,515002,126296,310047
2026-04-28 05:16:20,1896,106803.5,142944.5,99.4,20.7,515002,125825,310490
2026-04-28 05:16:25,1896,106803.5,142944.5,99.4,20.7,515002,125922,310253
2026-04-28 05:16:30,1896,106803.5,142944.5,99.4,20.7,515002,125921,310364
2026-04-28 05:16:35,1896,106803.5,142944.5,99.4,20.7,515002,126243,310042
2026-04-28 05:16:40,1896,106803.5,142944.5,99.4,20.7,515002,126461,309769
2026-04-28 05:16:46,1896,106803.5,142944.5,99.4,20.7,515002,126447,309783
2026-04-28 05:16:51,1896,106803.5,142944.5,99.4,20.7,515002,126435,309795
2026-04-28 05:16:56,1896,106803.5,142944.5,99.2,20.7,515002,126411,309872
2026-04-28 05:17:01,1896,106803.5,142944.5,99.2,20.7,515002,126483,309804
2026-04-28 05:17:06,1896,106803.5,142944.5,99.2,20.7,515002,126467,309820
2026-04-28 05:17:11,1896,106803.5,142944.5,99.2,20.7,515002,126447,309840
2026-04-28 05:17:16,1896,106803.5,142944.5,99.2,20.7,515002,126328,310014
2026-04-28 05:17:21,1896,106803.5,142944.5,99.2,20.7,515002,125835,310506
2026-04-28 05:17:26,1896,106803.5,142944.5,99.2,20.7,515002,125902,310308
2026-04-28 05:17:31,1896,106803.5,142944.5,99.3,20.7,515002,125867,310308
2026-04-28 05:17:36,1896,106803.5,142944.5,99.3,20.7,515002,126113,310172
2026-04-28 05:17:41,1896,106803.5,142944.5,99.3,20.7,515002,126409,309870
2026-04-28 05:17:46,1896,106803.5,142944.5,99.3,20.7,515002,126428,309802
2026-04-28 05:17:51,1896,106803.5,142944.5,99.3,20.7,515002,126401,309828
2026-04-28 05:17:56,1896,106803.5,142944.5,99.3,20.7,515002,126384,309846
2026-04-28 05:18:01,1896,106803.5,142944.5,99.3,20.7,515002,126445,309837
2026-04-28 05:18:06,1896,106803.5,142944.5,99.3,20.7,515002,126437,309845
2026-04-28 05:18:11,1896,106803.5,142944.5,99.3,20.7,515002,126426,309856
2026-04-28 05:18:16,1896,106803.5,142944.5,99.3,20.7,515002,126282,310055
2026-04-28 05:18:21,1896,106803.5,142944.5,99.3,20.7,515002,125801,310534
2026-04-28 05:18:26,1896,106803.5,142944.5,99.3,20.7,515002,125900,310316
2026-04-28 05:18:31,1896,106803.5,142944.5,99.3,20.7,515002,125869,310299
2026-04-28 05:18:36,1896,106803.5,142944.5,99.3,20.7,515002,125985,310293
2026-04-28 05:18:41,1896,106803.5,142944.5,99.3,20.7,515002,126172,310098
2026-04-28 05:18:46,1896,106803.5,142944.5,99.3,20.7,515002,126369,309854
2026-04-28 05:18:51,1896,106803.5,142944.5,99.3,20.7,515002,126364,309859
2026-04-28 05:18:56,1896,106803.5,142944.5,99.3,20.7,515002,126359,309864
2026-04-28 05:19:01,1896,106803.5,142944.5,99.3,20.7,515002,126347,309876
2026-04-28 05:19:06,1896,106803.5,142944.5,99.3,20.7,515002,126425,309856
2026-04-28 05:19:11,1896,106803.5,142944.5,99.3,20.7,515002,126412,309869
2026-04-28 05:19:16,1896,106803.5,142944.5,99.3,20.7,515002,126404,309877
2026-04-28 05:19:21,1896,106803.5,142944.5,99.3,20.7,515002,126383,309898
2026-04-28 05:19:26,1896,106803.5,142944.5,99.3,20.7,515002,126264,310070
2026-04-28 05:19:31,1896,106803.5,142944.5,99.4,20.7,515002,125816,310494
2026-04-28 05:19:36,1896,106803.5,142944.5,99.4,20.7,515002,125925,310244
2026-04-28 05:19:42,1896,106803.5,142944.5,99.4,20.7,515002,125913,310365
2026-04-28 05:19:47,1896,106803.5,142944.5,99.4,20.7,515002,126240,310038
2026-04-28 05:19:52,1896,106803.5,142944.5,99.2,20.7,515002,126449,309774
2026-04-28 05:19:57,1896,106803.5,142944.5,99.2,20.7,515002,126431,309792
2026-04-28 05:20:02,1896,106803.5,142944.5,99.2,20.7,515002,126402,309821
2026-04-28 05:20:07,1896,106803.5,142944.5,99.2,20.7,515002,126370,309909
2026-04-28 05:20:12,1896,106803.5,142944.5,99.2,20.7,515002,126438,309848
2026-04-28 05:20:17,1896,106803.5,142944.5,99.2,20.7,515002,126423,309863
2026-04-28 05:20:22,1896,106803.5,142944.5,99.2,20.7,515002,126438,309848
2026-04-28 05:20:27,1896,106803.5,142944.5,99.2,20.7,515002,126390,309933
2026-04-28 05:20:32,1896,106803.5,142944.5,99.2,20.7,515002,126003,310310
2026-04-28 05:20:37,1896,106803.5,142944.5,99.3,20.7,515002,125974,310215
2026-04-28 05:20:42,1896,106803.5,142944.5,99.3,20.7,515002,125892,310255
2026-04-28 05:20:47,1896,106803.5,142944.5,99.3,20.7,515002,126061,310195
2026-04-28 05:20:52,1896,106803.5,142944.5,99.3,20.7,515002,126274,309951
2026-04-28 05:20:57,1896,106803.5,142944.5,99.3,20.7,515002,126416,309785
2026-04-28 05:21:02,1896,106803.5,142944.5,99.3,20.7,515002,126392,309809
2026-04-28 05:21:07,1896,106803.5,142944.5,99.3,20.7,515002,126388,309814
2026-04-28 05:21:12,1896,106803.5,142944.5,99.3,20.7,515002,126416,309837
2026-04-28 05:21:17,1896,106803.5,142944.5,99.3,20.7,515002,126420,309833
2026-04-28 05:21:22,1896,106803.5,142944.5,99.3,20.7,515002,126399,309854
2026-04-28 05:21:27,1896,106803.5,142944.5,99.3,20.7,515002,126394,309860
2026-04-28 05:21:32,1896,106803.5,142944.5,99.3,20.7,515002,126248,310058
2026-04-28 05:21:37,1896,106803.5,142944.5,99.3,20.7,515002,125765,310541
2026-04-28 05:21:42,1896,106803.5,142944.5,99.3,20.7,515002,125820,310320
2026-04-28 05:21:47,1896,106803.5,142944.5,99.3,20.7,515002,125845,310405
2026-04-28 05:21:52,1896,106803.5,142944.5,99.3,20.7,515002,126080,310170
2026-04-28 05:21:57,1896,106803.5,142944.5,99.3,20.7,515002,126306,309889
2026-04-28 05:22:02,1896,106803.5,142944.5,99.3,20.7,515002,126295,309900
2026-04-28 05:22:07,1896,106803.5,142944.5,99.3,20.7,515002,126287,309908
2026-04-28 05:22:12,1896,106803.5,142944.5,99.3,20.7,515002,126266,309929
2026-04-28 05:22:17,1896,106803.5,142944.5,99.3,20.7,515002,126330,309922
2026-04-28 05:22:22,1896,106803.5,142944.5,99.3,20.7,515002,126315,309938
2026-04-28 05:22:27,1896,106803.5,142944.5,99.3,20.7,515002,126311,309941
2026-04-28 05:22:33,1896,106803.5,142944.5,99.3,20.7,515002,126180,310127
2026-04-28 05:22:38,1896,106803.5,142944.5,99.3,20.7,515002,125713,310593
2026-04-28 05:22:43,1896,106803.5,142944.5,99.2,20.7,515002,125852,310328
2026-04-28 05:22:48,1896,106803.5,142944.5,99.2,20.7,515002,125867,310272
2026-04-28 05:22:53,1896,106803.5,142944.5,99.2,20.7,515002,126020,310230
2026-04-28 05:22:58,1896,106803.5,142944.5,99.2,20.7,515002,126227,309990
2026-04-28 05:23:03,1896,106803.5,142944.5,99.2,20.7,515002,126403,309791
2026-04-28 05:23:08,1896,106803.5,142944.5,99.2,20.7,515002,126406,309789
2026-04-28 05:23:13,1896,106803.5,142944.5,99.2,20.7,515002,126385,309810
2026-04-28 05:23:18,1896,106803.5,142944.5,99.2,20.7,515002,126479,309721
2026-04-28 05:23:23,1896,106803.5,142944.5,99.2,20.7,515002,126465,309787
2026-04-28 05:23:28,1896,106803.5,142944.5,99.2,20.7,515002,126458,309794
2026-04-28 05:23:33,1896,106803.5,142944.5,99.2,20.7,515002,126440,309812
2026-04-28 05:23:38,1896,106803.5,142944.5,99.3,20.7,515002,126310,309996
2026-04-28 05:23:43,1896,106803.5,142944.5,99.3,20.7,515002,125818,310463
2026-04-28 05:23:48,1896,106803.5,142944.5,99.3,20.7,515002,125741,310399
2026-04-28 05:23:53,1896,106803.5,142944.5,99.3,20.7,515002,125863,310387
2026-04-28 05:23:58,1896,106803.5,142944.5,99.3,20.7,515002,126166,310084
2026-04-28 05:24:03,1896,106803.5,142944.5,99.3,20.7,515002,126399,309796
2026-04-28 05:24:08,1896,106803.5,142944.5,99.3,20.7,515002,126394,309801
2026-04-28 05:24:13,1896,106803.5,142944.5,99.3,20.7,515002,126380,309815
2026-04-28 05:24:18,1896,106803.5,142944.5,99.3,20.7,515002,126368,309827
2026-04-28 05:24:23,1896,106803.5,142944.5,99.3,20.7,515002,126408,309844
2026-04-28 05:24:28,1896,106803.5,142944.5,99.3,20.7,515002,126393,309859
2026-04-28 05:24:33,1896,106803.5,142944.5,99.3,20.7,515002,126368,309884
2026-04-28 05:24:38,1896,106803.5,142944.5,99.3,20.7,515002,126248,310059
2026-04-28 05:24:43,1896,106803.5,142944.5,99.3,20.7,515002,125757,310548
2026-04-28 05:24:48,1896,106803.5,142944.5,99.3,20.7,515002,125656,310491
2026-04-28 05:24:53,1896,106803.5,142944.5,99.3,20.7,515002,125778,310471
2026-04-28 05:24:58,1896,106803.5,142944.5,99.3,20.7,515002,126011,310238
2026-04-28 05:25:03,1896,106803.5,142944.5,99.3,20.7,515002,126134,310060
2026-04-28 05:25:08,1896,106803.5,142944.5,99.3,20.7,515002,126241,309953
2026-04-28 05:25:13,1896,106803.5,142944.5,99.3,20.7,515002,126245,309949
2026-04-28 05:25:18,1896,106803.5,142944.5,99.3,20.7,515002,126233,309961
2026-04-28 05:25:24,1896,106803.5,142944.5,99.3,20.7,515002,126323,309929
2026-04-28 05:25:29,1896,106803.5,142944.5,99.3,20.7,515002,126326,309925
2026-04-28 05:25:34,1896,106803.5,142944.5,99.2,20.7,515002,126310,309942
2026-04-28 05:25:39,1896,106803.5,142944.5,99.2,20.7,515002,126293,310014
2026-04-28 05:25:44,1896,106803.5,142944.5,99.2,20.7,515002,125698,310606
2026-04-28 05:25:49,1896,106803.5,142944.5,99.2,20.7,515002,125801,310376
2026-04-28 05:25:54,1896,106803.5,142944.5,99.2,20.7,515002,125752,310386
2026-04-28 05:25:59,1896,106803.5,142944.5,99.2,20.7,515002,125984,310263
2026-04-28 05:26:04,1896,106803.5,142944.5,99.2,20.7,515002,126163,310044
2026-04-28 05:26:09,1896,106803.5,142944.5,99.2,20.7,515002,126275,309917
2026-04-28 05:26:14,1896,106803.5,142944.5,99.2,20.7,515002,126269,309924
2026-04-28 05:26:19,1896,106803.5,142944.5,99.2,20.7,515002,126259,309934
2026-04-28 05:26:24,1896,106803.5,142944.5,99.2,20.7,515002,126325,309925
2026-04-28 05:26:29,1896,106803.5,142944.5,99.2,20.7,515002,126325,309925
2026-04-28 05:26:34,1896,106803.5,142944.5,99.2,20.7,515002,126316,309934
2026-04-28 05:26:39,1896,106803.5,142944.5,99.3,20.7,515002,126308,309942
2026-04-28 05:26:44,1896,106803.5,142944.5,99.3,20.7,515002,125701,310603
2026-04-28 05:26:49,1896,106803.5,142944.5,99.3,20.7,515002,125738,310420
2026-04-28 05:26:54,1896,106803.5,142944.5,99.3,20.7,515002,125732,310406
2026-04-28 05:26:59,1896,106803.5,142944.5,99.3,20.7,515002,126059,310189
2026-04-28 05:27:04,1896,106803.5,142944.5,99.3,20.7,515002,126311,309903
2026-04-28 05:27:09,1896,106803.5,142944.5,99.3,20.7,515002,126298,309895
2026-04-28 05:27:14,1896,106803.5,142944.5,99.3,20.7,515002,126283,309910
2026-04-28 05:27:19,1896,106803.5,142944.5,99.3,20.7,515002,126261,309931
2026-04-28 05:27:24,1896,106803.5,142944.5,99.3,20.7,515002,126326,309925
2026-04-28 05:27:29,1896,106803.5,142944.5,99.3,20.7,515002,126317,309934
2026-04-28 05:27:34,1896,106803.5,142944.5,99.3,20.7,515002,126304,309946
2026-04-28 05:27:39,1896,106803.5,142944.5,99.3,20.7,515002,126180,310126
2026-04-28 05:27:44,1896,106803.5,142944.5,99.3,20.7,515002,125686,310617
2026-04-28 05:27:49,1896,106803.5,142944.5,99.3,20.7,515002,125807,310386
2026-04-28 05:27:54,1896,106803.5,142944.5,99.3,20.7,515002,125778,310359
2026-04-28 05:27:59,1896,106803.5,142944.5,99.3,20.7,515002,125772,310475
2026-04-28 05:28:04,1896,106803.5,142944.5,99.3,20.7,515002,126069,310178
2026-04-28 05:28:09,1896,106803.5,142944.5,99.3,20.7,515002,126296,309925
2026-04-28 05:28:15,1896,106803.5,142944.5,99.3,20.7,515002,126299,309893
2026-04-28 05:28:20,1896,106803.5,142944.5,99.3,20.7,515002,126270,309922
2026-04-28 05:28:25,1896,106803.5,142944.5,99.3,20.7,515002,126264,309927
2026-04-28 05:28:30,1896,106803.5,142944.5,99.2,20.7,515002,126264,309986
2026-04-28 05:28:35,1896,106803.5,142944.5,99.2,20.7,515002,126247,310002
2026-04-28 05:28:40,1896,106803.5,142944.5,99.2,20.7,515002,126228,310021
2026-04-28 05:28:45,1896,106803.5,142944.5,99.2,20.7,515002,126099,310205
2026-04-28 05:28:50,1896,106803.5,142944.5,99.2,20.7,515002,125965,310337
2026-04-28 05:28:55,1896,106803.5,142944.5,99.2,20.7,515002,125650,310541
2026-04-28 05:29:00,1896,106803.5,142944.5,99.2,20.7,515002,125631,310506
2026-04-28 05:29:05,1896,106803.5,142944.5,99.2,20.7,515002,125623,310623
2026-04-28 05:29:10,1896,106803.5,142944.5,99.2,20.7,515002,125876,310370
2026-04-28 05:29:15,1896,106803.5,142944.5,99.2,20.7,515002,126121,310077
2026-04-28 05:29:20,1896,106803.5,142944.5,99.2,20.7,515002,126094,310097
2026-04-28 05:29:25,1896,106803.5,142944.5,99.2,20.7,515002,126090,310101
2026-04-28 05:29:30,1896,106803.5,142944.5,99.2,20.7,515002,126079,310111
2026-04-28 05:29:35,1896,106803.5,142944.5,99.2,20.7,515002,126164,310085
2026-04-28 05:29:40,1896,106803.5,142944.5,99.3,20.7,515002,126156,310092
2026-04-28 05:29:45,1896,106803.5,142944.5,99.3,20.7,515002,126154,310094
2026-04-28 05:29:50,1896,106803.5,142944.5,99.3,20.7,515002,126021,310283
2026-04-28 05:29:55,1896,106803.5,142944.5,99.3,20.7,515002,125532,310768
2026-04-28 05:30:00,1896,106803.5,142944.5,99.3,20.7,515002,125659,310560
2026-04-28 05:30:05,1896,106803.5,142944.5,99.3,20.7,515002,125619,310514
2026-04-28 05:30:10,1896,106803.5,142944.5,99.3,20.7,515002,125630,310614
2026-04-28 05:30:15,1896,106803.5,142944.5,99.3,20.7,515002,125919,310324
2026-04-28 05:30:20,1896,106803.5,142944.5,99.3,20.7,515002,126174,310014
2026-04-28 05:30:25,1896,106803.5,142944.5,99.3,20.7,515002,126172,310016
2026-04-28 05:30:30,1896,106803.5,142944.5,99.3,20.7,515002,126174,310014
2026-04-28 05:30:35,1896,106803.5,142944.5,99.3,20.7,515002,126184,310004
2026-04-28 05:30:40,1896,106803.5,142944.5,99.3,20.7,515002,126224,310021
2026-04-28 05:30:45,1896,106803.5,142944.5,99.3,20.7,515002,126229,310017
2026-04-28 05:30:50,1896,106803.5,142944.5,99.3,20.7,515002,126223,310023
2026-04-28 05:30:55,1896,106803.5,142944.5,99.3,20.7,515002,126101,310200
2026-04-28 05:31:00,1896,106803.5,142944.5,99.3,20.7,515002,125616,310683
2026-04-28 05:31:05,1896,106803.5,142944.5,99.3,20.7,515002,125674,310462
2026-04-28 05:31:11,1896,106803.5,142944.5,99.3,20.7,515002,125680,310563
2026-04-28 05:31:16,1896,106803.5,142944.5,99.3,20.7,515002,125992,310251
2026-04-28 05:31:21,1896,106803.5,142944.5,99.2,20.7,515002,126234,310003
2026-04-28 05:31:26,1896,106803.5,142944.5,99.2,20.7,515002,126236,309952
2026-04-28 05:31:31,1896,106803.5,142944.5,99.2,20.7,515002,126232,309956
2026-04-28 05:31:36,1896,106803.5,142944.5,99.2,20.7,515002,126213,309975
2026-04-28 05:31:41,1896,106803.5,142944.5,99.2,20.7,515002,126214,310024
2026-04-28 05:31:46,1896,106803.5,142944.5,99.2,20.7,515002,126290,309955
2026-04-28 05:31:51,1896,106803.5,142944.5,99.2,20.7,515002,126271,309974
2026-04-28 05:31:56,1896,106803.5,142944.5,99.2,20.7,515002,126262,309984
2026-04-28 05:32:01,1896,106803.5,142944.5,99.2,20.7,515002,126238,310007
2026-04-28 05:32:06,1896,106803.5,142944.5,99.2,20.7,515002,126108,310192
2026-04-28 05:32:11,1896,106803.5,142944.5,99.2,20.7,515002,125630,310669
2026-04-28 05:32:16,1896,106803.5,142944.5,99.2,20.7,515002,125681,310469
2026-04-28 05:32:21,1896,106803.5,142944.5,99.2,20.7,515002,125691,310553
2026-04-28 05:32:26,1896,106803.5,142944.5,99.2,20.7,515002,125991,310252
2026-04-28 05:32:31,1896,106803.5,142944.5,99.2,20.7,515002,126031,310199
2026-04-28 05:32:36,1896,106803.5,142944.5,99.3,20.7,515002,126200,309988
2026-04-28 05:32:41,1896,106803.5,142944.5,99.3,20.7,515002,126186,310052
2026-04-28 05:32:46,1896,106803.5,142944.5,99.3,20.7,515002,126181,310057
2026-04-28 05:32:51,1896,106803.5,142944.5,99.3,20.7,515002,126189,310070
2026-04-28 05:32:56,1896,106803.5,142944.5,99.3,20.7,515002,126232,310063
2026-04-28 05:33:01,1896,106803.5,142944.5,99.3,20.7,515002,126204,310091
2026-04-28 05:33:06,1896,106803.5,142944.5,99.3,20.7,515002,126179,310117
2026-04-28 05:33:11,1896,106803.5,142944.5,99.3,20.7,515002,126057,310290
2026-04-28 05:33:16,1896,106803.5,142944.5,99.3,20.7,515002,125586,310761
2026-04-28 05:33:21,1896,106803.5,142944.5,99.3,20.7,515002,125659,310523
2026-04-28 05:33:26,1896,106803.5,142944.5,99.3,20.7,515002,125667,310625
2026-04-28 05:33:31,1896,106803.5,142944.5,99.3,20.7,515002,125971,310321
2026-04-28 05:33:36,1896,106803.5,142944.5,99.3,20.7,515002,126198,310039
2026-04-28 05:33:41,1896,106803.5,142944.5,99.3,20.7,515002,126190,310046
2026-04-28 05:33:46,1896,106803.5,142944.5,99.3,20.7,515002,126181,310055
2026-04-28 05:33:51,1896,106803.5,142944.5,99.3,20.7,515002,126169,310067
2026-04-28 05:33:56,1896,106803.5,142944.5,99.3,20.7,515002,126199,310100
2026-04-28 05:34:02,1896,106803.5,142944.5,99.3,20.7,515002,126179,310120
2026-04-28 05:34:07,1896,106803.5,142944.5,99.3,20.7,515002,126175,310124
2026-04-28 05:34:12,1896,106803.5,142944.5,99.2,20.7,515002,126057,310297
2026-04-28 05:34:17,1896,106803.5,142944.5,99.2,20.7,515002,125582,310770
2026-04-28 05:34:22,1896,106803.5,142944.5,99.2,20.7,515002,125688,310598
2026-04-28 05:34:27,1896,106803.5,142944.5,99.2,20.7,515002,125770,310456
2026-04-28 05:34:32,1896,106803.5,142944.5,99.2,20.7,515002,126006,310187
2026-04-28 05:34:37,1896,106803.5,142944.5,99.2,20.7,515002,126168,310003
2026-04-28 05:34:42,1896,106803.5,142944.5,99.2,20.7,515002,126152,310018
2026-04-28 05:34:47,1896,106803.5,142944.5,99.2,20.7,515002,126123,310047
2026-04-28 05:34:52,1896,106803.5,142944.5,99.2,20.7,515002,126196,310100
2026-04-28 05:34:57,1896,106803.5,142944.5,99.2,20.7,515002,126182,310114
2026-04-28 05:35:02,1896,106803.5,142944.5,99.2,20.7,515002,126169,310127
2026-04-28 05:35:07,1896,106803.5,142944.5,99.2,20.7,515002,126160,310136
2026-04-28 05:35:12,1896,106803.5,142944.5,99.2,20.7,515002,126041,310309
2026-04-28 05:35:17,1896,106803.5,142944.5,99.2,20.7,515002,125555,310794
2026-04-28 05:35:22,1896,106803.5,142944.5,99.2,20.7,515002,125599,310585
2026-04-28 05:35:27,1896,106803.5,142944.5,99.2,20.7,515002,125612,310682
2026-04-28 05:35:32,1896,106803.5,142944.5,99.3,20.7,515002,125916,310378
2026-04-28 05:35:37,1896,106803.5,142944.5,99.3,20.7,515002,126040,310202
2026-04-28 05:35:42,1896,106803.5,142944.5,99.3,20.7,515002,126146,310093
2026-04-28 05:35:47,1896,106803.5,142944.5,99.3,20.7,515002,126144,310095
2026-04-28 05:35:52,1896,106803.5,142944.5,99.3,20.7,515002,126123,310116
2026-04-28 05:35:57,1896,106803.5,142944.5,99.3,20.7,515002,126178,310119
2026-04-28 05:36:02,1896,106803.5,142944.5,99.3,20.7,515002,126159,310137
2026-04-28 05:36:07,1896,106803.5,142944.5,99.3,20.7,515002,126154,310142
2026-04-28 05:36:12,1896,106803.5,142944.5,99.3,20.7,515002,126140,310156
2026-04-28 05:36:17,1896,106803.5,142944.5,99.3,20.7,515002,126041,310307
2026-04-28 05:36:22,1896,106803.5,142944.5,99.3,20.7,515002,125541,310807
2026-04-28 05:36:27,1896,106803.5,142944.5,99.3,20.7,515002,125621,310603
2026-04-28 05:36:32,1896,106803.5,142944.5,99.3,20.7,515002,125526,310656
2026-04-28 05:36:37,1896,106803.5,142944.5,99.3,20.7,515002,125830,310462
2026-04-28 05:36:42,1896,106803.5,142944.5,99.3,20.7,515002,125910,310354
2026-04-28 05:36:47,1896,106803.5,142944.5,99.3,20.7,515002,126089,310148
2026-04-28 05:36:53,1896,106803.5,142944.5,99.3,20.7,515002,126084,310153
2026-04-28 05:36:58,1896,106803.5,142944.5,99.3,20.7,515002,126084,310153
2026-04-28 05:37:03,1896,106803.5,142944.5,99.2,20.7,515002,126152,310142
2026-04-28 05:37:08,1896,106803.5,142944.5,99.2,20.7,515002,126145,310150
2026-04-28 05:37:13,1896,106803.5,142944.5,99.2,20.7,515002,126121,310174
2026-04-28 05:37:18,1896,106803.5,142944.5,99.2,20.7,515002,126116,310179
2026-04-28 05:37:23,1896,106803.5,142944.5,99.2,20.7,515002,125977,310370
2026-04-28 05:37:28,1896,106803.5,142944.5,99.2,20.7,515002,125511,310836
2026-04-28 05:37:33,1896,106803.5,142944.5,99.2,20.7,515002,125641,310540
2026-04-28 05:37:38,1896,106803.5,142944.5,99.2,20.7,515002,125680,310611
2026-04-28 05:37:43,1896,106803.5,142944.5,99.2,20.7,515002,125978,310313
2026-04-28 05:37:48,1896,106803.5,142944.5,99.2,20.7,515002,126100,310146
2026-04-28 05:37:53,1896,106803.5,142944.5,99.2,20.7,515002,126216,310020
2026-04-28 05:37:58,1896,106803.5,142944.5,99.2,20.7,515002,126212,310024
2026-04-28 05:38:03,1896,106803.5,142944.5,99.2,20.7,515002,126187,310049
2026-04-28 05:38:08,1896,106803.5,142944.5,99.2,20.7,515002,126272,310021
2026-04-28 05:38:13,1896,106803.5,142944.5,99.2,20.7,515002,126270,310024
2026-04-28 05:38:18,1896,106803.5,142944.5,99.2,20.7,515002,126259,310034
2026-04-28 05:38:23,1896,106803.5,142944.5,99.2,20.7,515002,126233,310060
2026-04-28 05:38:28,1896,106803.5,142944.5,99.2,20.7,515002,126019,310328
2026-04-28 05:38:33,1896,106803.5,142944.5,99.3,20.7,515002,125818,310429
2026-04-28 05:38:38,1896,106803.5,142944.5,99.3,20.7,515002,125702,310480
2026-04-28 05:38:43,1896,106803.5,142944.5,99.3,20.7,515002,125734,310558
2026-04-28 05:38:48,1896,106803.5,142944.5,99.3,20.7,515002,125989,310303
2026-04-28 05:38:53,1896,106803.5,142944.5,99.3,20.7,515002,126166,310070
2026-04-28 05:38:58,1896,106803.5,142944.5,99.3,20.7,515002,126164,310073
2026-04-28 05:39:03,1896,106803.5,142944.5,99.3,20.7,515002,126140,310096
2026-04-28 05:39:08,1896,106803.5,142944.5,99.3,20.7,515002,126120,310116
2026-04-28 05:39:13,1896,106803.5,142944.5,99.3,20.7,515002,126185,310109
2026-04-28 05:39:18,1896,106803.5,142944.5,99.3,20.7,515002,126173,310121
2026-04-28 05:39:23,1896,106803.5,142944.5,99.3,20.7,515002,126165,310129
2026-04-28 05:39:28,1896,106803.5,142944.5,99.3,20.7,515002,126050,310299
2026-04-28 05:39:33,1896,106803.5,142944.5,99.3,20.7,515002,125569,310777
2026-04-28 05:39:38,1896,106803.5,142944.5,99.3,20.7,515002,125658,310578
2026-04-28 05:39:43,1896,106803.5,142944.5,99.3,20.7,515002,125653,310528
2026-04-28 05:39:49,1896,106803.5,142944.5,99.3,20.7,515002,125845,310446
2026-04-28 05:39:54,1896,106803.5,142944.5,99.3,20.7,515002,126053,310198
2026-04-28 05:39:59,1896,106803.5,142944.5,99.2,20.7,515002,126154,310082
2026-04-28 05:40:04,1896,106803.5,142944.5,99.2,20.7,515002,126154,310082
2026-04-28 05:40:09,1896,106803.5,142944.5,99.2,20.7,515002,126139,310097
2026-04-28 05:40:14,1896,106803.5,142944.5,99.2,20.7,515002,126213,310081
2026-04-28 05:40:19,1896,106803.5,142944.5,99.2,20.7,515002,126193,310100
2026-04-28 05:40:24,1896,106803.5,142944.5,99.2,20.7,515002,126188,310106
2026-04-28 05:40:29,1896,106803.5,142944.5,99.2,20.7,515002,126182,310112
2026-04-28 05:40:34,1896,106803.5,142944.5,99.2,20.7,515002,126063,310285
2026-04-28 05:40:39,1896,106803.5,142944.5,99.2,20.7,515002,125569,310776
2026-04-28 05:40:44,1896,106803.5,142944.5,99.2,20.7,515002,125581,310764
2026-04-28 05:40:49,1896,106803.5,142944.5,99.2,20.7,515002,125690,310532
2026-04-28 05:40:54,1896,106803.5,142944.5,99.2,20.7,515002,125700,310479
2026-04-28 05:40:59,1896,106803.5,142944.5,99.2,20.7,515002,125809,310480
2026-04-28 05:41:04,1896,106803.5,142944.5,99.2,20.7,515002,126044,310245
2026-04-28 05:41:09,1896,106803.5,142944.5,99.2,20.7,515002,126276,309958
2026-04-28 05:41:14,1896,106803.5,142944.5,99.2,20.7,515002,126266,309968
2026-04-28 05:41:19,1896,106803.5,142944.5,99.2,20.7,515002,126252,309981
2026-04-28 05:41:24,1896,106803.5,142944.5,99.2,20.7,515002,126255,310021
2026-04-28 05:41:29,1896,106803.5,142944.5,99.3,20.7,515002,126300,309991
2026-04-28 05:41:34,1896,106803.5,142944.5,99.3,20.7,515002,126284,310008
2026-04-28 05:41:39,1896,106803.5,142944.5,99.3,20.7,515002,126282,310009
2026-04-28 05:41:44,1896,106803.5,142944.5,99.3,20.7,515002,126168,310179
2026-04-28 05:41:49,1896,106803.5,142944.5,99.3,20.7,515002,126065,310279
2026-04-28 05:41:54,1896,106803.5,142944.5,99.3,20.7,515002,125742,310563
2026-04-28 05:41:59,1896,106803.5,142944.5,99.3,20.7,515002,125763,310415
2026-04-28 05:42:04,1896,106803.5,142944.5,99.3,20.7,515002,125767,310521
2026-04-28 05:42:09,1896,106803.5,142944.5,99.3,20.7,515002,126103,310185
2026-04-28 05:42:14,1896,106803.5,142944.5,99.3,20.7,515002,126349,309883
2026-04-28 05:42:19,1896,106803.5,142944.5,99.3,20.7,515002,126344,309889
2026-04-28 05:42:24,1896,106803.5,142944.5,99.3,20.7,515002,126324,309909
2026-04-28 05:42:29,1896,106803.5,142944.5,99.3,20.7,515002,126310,309977
2026-04-28 05:42:35,1896,106803.5,142944.5,99.3,20.7,515002,126377,309914
2026-04-28 05:42:40,1896,106803.5,142944.5,99.3,20.7,515002,126361,309929
2026-04-28 05:42:45,1896,106803.5,142944.5,99.2,20.7,515002,126338,309952
2026-04-28 05:42:50,1896,106803.5,142944.5,99.2,20.7,515002,126217,310128
2026-04-28 05:42:55,1896,106803.5,142944.5,99.2,20.7,515002,126110,310233
2026-04-28 05:43:00,1896,106803.5,142944.5,99.2,20.7,515002,125717,310626
2026-04-28 05:43:05,1896,106803.5,142944.5,99.2,20.7,515002,125830,310346
2026-04-28 05:43:10,1896,106803.5,142944.5,99.2,20.7,515002,125848,310438
2026-04-28 05:43:15,1896,106803.5,142944.5,99.2,20.7,515002,126183,310103
2026-04-28 05:43:20,1896,106803.5,142944.5,99.2,20.7,515002,126232,310000
2026-04-28 05:43:25,1896,106803.5,142944.5,99.2,20.7,515002,126225,310007
2026-04-28 05:43:30,1896,106803.5,142944.5,99.2,20.7,515002,126208,310023
2026-04-28 05:43:35,1896,106803.5,142944.5,99.2,20.7,515002,126193,310090
2026-04-28 05:43:40,1896,106803.5,142944.5,99.2,20.7,515002,126234,310054
2026-04-28 05:43:45,1896,106803.5,142944.5,99.2,20.7,515002,126225,310064
2026-04-28 05:43:50,1896,106803.5,142944.5,99.2,20.7,515002,126229,310060
2026-04-28 05:43:55,1896,106803.5,142944.5,99.2,20.7,515002,126223,310066
2026-04-28 05:44:00,1896,106803.5,142944.5,99.2,20.7,515002,125998,310344
2026-04-28 05:44:05,1896,106803.5,142944.5,99.2,20.7,515002,125733,310558
2026-04-28 05:44:10,1896,106803.5,142944.5,99.2,20.7,515002,125703,310474
2026-04-28 05:44:15,1896,106803.5,142944.5,99.3,20.7,515002,125722,310564
2026-04-28 05:44:20,1896,106803.5,142944.5,99.3,20.7,515002,126043,310244
2026-04-28 05:44:25,1896,106803.5,142944.5,99.3,20.7,515002,126210,310021
2026-04-28 05:44:30,1896,106803.5,142944.5,99.3,20.7,515002,126187,310044
2026-04-28 05:44:35,1896,106803.5,142944.5,99.3,20.7,515002,126158,310073
2026-04-28 05:44:40,1896,106803.5,142944.5,99.3,20.7,515002,126144,310141
2026-04-28 05:44:45,1896,106803.5,142944.5,99.3,20.7,515002,126218,310070
2026-04-28 05:44:50,1896,106803.5,142944.5,99.3,20.7,515002,126206,310083
2026-04-28 05:44:55,1896,106803.5,142944.5,99.3,20.7,515002,126190,310098
2026-04-28 05:45:00,1896,106803.5,142944.5,99.3,20.7,515002,126080,310264
2026-04-28 05:45:05,1896,106803.5,142944.5,99.3,20.7,515002,125610,310732
2026-04-28 05:45:10,1896,106803.5,142944.5,99.3,20.7,515002,125667,310538
2026-04-28 05:45:15,1896,106803.5,142944.5,99.3,20.7,515002,125670,310506
2026-04-28 05:45:20,1896,106803.5,142944.5,99.3,20.7,515002,125910,310376
2026-04-28 05:45:26,1896,106803.5,142944.5,99.3,20.7,515002,126045,310204
2026-04-28 05:45:31,1896,106803.5,142944.5,99.3,20.7,515002,126171,310060
2026-04-28 05:45:36,1896,106803.5,142944.5,99.2,20.7,515002,126179,310052
2026-04-28 05:45:41,1896,106803.5,142944.5,99.2,20.7,515002,126166,310065
2026-04-28 05:45:46,1896,106803.5,142944.5,99.2,20.7,515002,126253,310035
2026-04-28 05:45:51,1896,106803.5,142944.5,99.2,20.7,515002,126243,310045
2026-04-28 05:45:56,1896,106803.5,142944.5,99.2,20.7,515002,126245,310043
2026-04-28 05:46:01,1896,106803.5,142944.5,99.2,20.7,515002,126229,310059
2026-04-28 05:46:06,1896,106803.5,142944.5,99.2,20.7,515002,126127,310213
2026-04-28 05:46:11,1896,106803.5,142944.5,99.2,20.7,515002,125629,310711
2026-04-28 05:46:16,1896,106803.5,142944.5,99.2,20.7,515002,125738,310460
2026-04-28 05:46:21,1896,106803.5,142944.5,99.2,20.7,515002,125738,310436
2026-04-28 05:46:26,1896,106803.5,142944.5,99.2,20.7,515002,126058,310226
2026-04-28 05:46:31,1896,106803.5,142944.5,99.2,20.7,515002,126325,309904
2026-04-28 05:46:36,1896,106803.5,142944.5,99.2,20.7,515002,126313,309915
2026-04-28 05:46:41,1896,106803.5,142944.5,99.2,20.7,515002,126290,309938
2026-04-28 05:46:46,1896,106803.5,142944.5,99.2,20.7,515002,126284,309945
2026-04-28 05:46:51,1896,106803.5,142944.5,99.2,20.7,515002,126357,309929
2026-04-28 05:46:56,1896,106803.5,142944.5,99.2,20.7,515002,126347,309939
2026-04-28 05:47:01,1896,106803.5,142944.5,99.2,20.7,515002,126337,309949
2026-04-28 05:47:06,1896,106803.5,142944.5,99.2,20.7,515002,126216,310125
2026-04-28 05:47:11,1896,106803.5,142944.5,99.3,20.7,515002,125706,310631
2026-04-28 05:47:16,1896,106803.5,142944.5,99.3,20.7,515002,125710,310627
2026-04-28 05:47:21,1896,106803.5,142944.5,99.3,20.7,515002,125821,310359
2026-04-28 05:47:26,1896,106803.5,142944.5,99.3,20.7,515002,125834,310337
2026-04-28 05:47:31,1896,106803.5,142944.5,99.3,20.7,515002,126120,310161
2026-04-28 05:47:36,1896,106803.5,142944.5,99.3,20.7,515002,126224,310005
2026-04-28 05:47:41,1896,106803.5,142944.5,99.3,20.7,515002,126351,309875
2026-04-28 05:47:46,1896,106803.5,142944.5,99.3,20.7,515002,126331,309895
2026-04-28 05:47:51,1896,106803.5,142944.5,99.3,20.7,515002,126306,309920
2026-04-28 05:47:56,1896,106803.5,142944.5,99.3,20.7,515002,126369,309915
2026-04-28 05:48:01,1896,106803.5,142944.5,99.3,20.7,515002,126335,309949
2026-04-28 05:48:06,1896,106803.5,142944.5,99.3,20.7,515002,126317,309967
2026-04-28 05:48:11,1896,106803.5,142944.5,99.3,20.7,515002,126277,310006
2026-04-28 05:48:17,1896,106803.5,142944.5,99.3,20.7,515002,126155,310182
2026-04-28 05:48:22,1896,106803.5,142944.5,99.3,20.7,515002,125671,310666
2026-04-28 05:48:27,1896,106803.5,142944.5,99.2,20.7,515002,125792,310399
2026-04-28 05:48:32,1896,106803.5,142944.5,99.2,20.7,515002,125782,310390
2026-04-28 05:48:37,1896,106803.5,142944.5,99.2,20.7,515002,126060,310221
2026-04-28 05:48:42,1896,106803.5,142944.5,99.2,20.7,515002,126192,310034
2026-04-28 05:48:47,1896,106803.5,142944.5,99.2,20.7,515002,126305,309921
2026-04-28 05:48:52,1896,106803.5,142944.5,99.2,20.7,515002,126294,309932
2026-04-28 05:48:57,1896,106803.5,142944.5,99.2,20.7,515002,126286,309940
2026-04-28 05:49:02,1896,106803.5,142944.5,99.2,20.7,515002,126363,309920
2026-04-28 05:49:07,1896,106803.5,142944.5,99.2,20.7,515002,126362,309921
2026-04-28 05:49:12,1896,106803.5,142944.5,99.2,20.7,515002,126358,309926
2026-04-28 05:49:17,1896,106803.5,142944.5,99.2,20.7,515002,126331,310007
2026-04-28 05:49:22,1896,106803.5,142944.5,99.2,20.7,515002,125739,310597
2026-04-28 05:49:27,1896,106803.5,142944.5,99.2,20.7,515002,125750,310586
2026-04-28 05:49:32,1896,106803.5,142944.5,99.2,20.7,515002,125743,310593
2026-04-28 05:49:37,1896,106803.5,142944.5,99.2,20.7,515002,125747,310589
2026-04-28 05:49:42,1896,106803.5,142944.5,99.2,20.7,515002,125850,310376
2026-04-28 05:49:47,1896,106803.5,142944.5,99.2,20.7,515002,125867,310304
2026-04-28 05:49:52,1896,106803.5,142944.5,99.2,20.7,515002,125856,310314
2026-04-28 05:49:57,1896,106803.5,142944.5,99.2,20.7,515002,125856,310315
2026-04-28 05:50:02,1896,106803.5,142944.5,99.2,20.7,515002,125840,310331
2026-04-28 05:50:07,1896,106803.5,142944.5,99.3,20.7,515002,125845,310326
2026-04-28 05:50:12,1896,106803.5,142944.5,99.3,20.7,515002,125825,310345
2026-04-28 05:50:17,1896,106803.5,142944.5,99.3,20.7,515002,125824,310346
2026-04-28 05:50:22,1896,106803.5,142944.5,99.3,20.7,515002,125814,310356
2026-04-28 05:50:27,1896,106803.5,142944.5,99.3,20.7,515002,125810,310360
2026-04-28 05:50:32,1896,106803.5,142944.5,99.3,20.7,515002,125801,310369
2026-04-28 05:50:37,1896,106803.5,142944.5,99.3,20.7,515002,125799,310372
2026-04-28 05:50:42,1896,106803.5,142944.5,99.3,20.7,515002,125842,310438
2026-04-28 05:50:47,1896,106803.5,142944.5,99.3,20.7,515002,126137,310143
2026-04-28 05:50:52,1896,106803.5,142944.5,99.3,20.7,515002,126275,309950
2026-04-28 05:50:57,1896,106803.5,142944.5,99.3,20.7,515002,126303,309921
2026-04-28 05:51:02,1896,106803.5,142944.5,99.3,20.7,515002,126288,309937
2026-04-28 05:51:08,1896,106803.5,142944.5,99.3,20.7,515002,126286,309939
2026-04-28 05:51:13,1896,106803.5,142944.5,99.3,20.7,515002,126331,309952
2026-04-28 05:51:18,1896,106803.5,142944.5,99.3,20.7,515002,126308,309975
2026-04-28 05:51:23,1896,106803.5,142944.5,99.2,20.7,515002,126287,309995
2026-04-28 05:51:28,1896,106803.5,142944.5,99.2,20.7,515002,126179,310158
2026-04-28 05:51:33,1896,106803.5,142944.5,99.2,20.7,515002,125684,310651
2026-04-28 05:51:38,1896,106803.5,142944.5,99.2,20.7,515002,125790,310435
2026-04-28 05:51:43,1896,106803.5,142944.5,99.2,20.7,515002,125749,310420
2026-04-28 05:51:48,1896,106803.5,142944.5,99.2,20.7,515002,125789,310491
2026-04-28 05:51:53,1896,106803.5,142944.5,99.2,20.7,515002,126039,310241
2026-04-28 05:51:58,1896,106803.5,142944.5,99.2,20.7,515002,126278,309946
2026-04-28 05:52:03,1896,106803.5,142944.5,99.2,20.7,515002,126249,309975
2026-04-28 05:52:08,1896,106803.5,142944.5,99.2,20.7,515002,126235,309989
2026-04-28 05:52:13,1896,106803.5,142944.5,99.2,20.7,515002,126219,310005
2026-04-28 05:52:18,1896,106803.5,142944.5,99.2,20.7,515002,126315,309966
2026-04-28 05:52:23,1896,106803.5,142944.5,99.2,20.7,515002,126294,309988
2026-04-28 05:52:28,1896,106803.5,142944.5,99.2,20.7,515002,126285,309997
2026-04-28 05:52:33,1896,106803.5,142944.5,99.2,20.7,515002,126168,310169
2026-04-28 05:52:38,1896,106803.5,142944.5,99.2,20.7,515002,125690,310645
2026-04-28 05:52:43,1896,106803.5,142944.5,99.2,20.7,515002,125812,310366
2026-04-28 05:52:48,1896,106803.5,142944.5,99.2,20.7,515002,125796,310483
2026-04-28 05:52:53,1896,106803.5,142944.5,99.2,20.7,515002,126085,310194
2026-04-28 05:52:58,1896,106803.5,142944.5,99.3,20.7,515002,126320,309905
2026-04-28 05:53:03,1896,106803.5,142944.5,99.3,20.7,515002,126304,309920
2026-04-28 05:53:08,1896,106803.5,142944.5,99.3,20.7,515002,126297,309927
2026-04-28 05:53:13,1896,106803.5,142944.5,99.3,20.7,515002,126286,309938
2026-04-28 05:53:18,1896,106803.5,142944.5,99.3,20.7,515002,126360,309921
2026-04-28 05:53:23,1896,106803.5,142944.5,99.3,20.7,515002,126338,309944
2026-04-28 05:53:28,1896,106803.5,142944.5,99.3,20.7,515002,126334,309947
2026-04-28 05:53:33,1896,106803.5,142944.5,99.3,20.7,515002,126210,310126
2026-04-28 05:53:38,1896,106803.5,142944.5,99.3,20.7,515002,125706,310628
2026-04-28 05:53:43,1896,106803.5,142944.5,99.3,20.7,515002,125810,310407
2026-04-28 05:53:48,1896,106803.5,142944.5,99.3,20.7,515002,125708,310461
2026-04-28 05:53:53,1896,106803.5,142944.5,99.3,20.7,515002,125917,310362
2026-04-28 05:53:58,1896,106803.5,142944.5,99.3,20.7,515002,126074,310188
2026-04-28 05:54:04,1896,106803.5,142944.5,99.3,20.7,515002,126236,309987
2026-04-28 05:54:09,1896,106803.5,142944.5,99.3,20.7,515002,126224,310000
2026-04-28 05:54:14,1896,106803.5,142944.5,99.2,20.7,515002,126195,310029
2026-04-28 05:54:19,1896,106803.5,142944.5,99.2,20.7,515002,126232,310024
2026-04-28 05:54:24,1896,106803.5,142944.5,99.2,20.7,515002,126280,310002
2026-04-28 05:54:29,1896,106803.5,142944.5,99.2,20.7,515002,126256,310025
2026-04-28 05:54:34,1896,106803.5,142944.5,99.2,20.7,515002,126239,310042
2026-04-28 05:54:39,1896,106803.5,142944.5,99.2,20.7,515002,126114,310222
2026-04-28 05:54:44,1896,106803.5,142944.5,99.2,20.7,515002,125628,310705
2026-04-28 05:54:49,1896,106803.5,142944.5,99.2,20.7,515002,125635,310532
2026-04-28 05:54:54,1896,106803.5,142944.5,99.2,20.7,515002,125679,310598
2026-04-28 05:54:59,1896,106803.5,142944.5,99.2,20.7,515002,125970,310306
2026-04-28 05:55:04,1896,106803.5,142944.5,99.2,20.7,515002,126188,310033
2026-04-28 05:55:09,1896,106803.5,142944.5,99.2,20.7,515002,126181,310041
2026-04-28 05:55:14,1896,106803.5,142944.5,99.2,20.7,515002,126175,310046
2026-04-28 05:55:19,1896,106803.5,142944.5,99.2,20.7,515002,126167,310054
2026-04-28 05:55:24,1896,106803.5,142944.5,99.2,20.7,515002,126199,310029
2026-04-28 05:55:29,1896,106803.5,142944.5,99.2,20.7,515002,126173,310055
2026-04-28 05:55:34,1896,106803.5,142944.5,99.2,20.7,515002,126142,310085
2026-04-28 05:55:39,1896,106803.5,142944.5,99.2,20.7,515002,126034,310241
2026-04-28 05:55:44,1896,106803.5,142944.5,99.2,20.7,515002,125589,310685
2026-04-28 05:55:49,1896,106803.5,142944.5,99.2,20.7,515002,125619,310500
2026-04-28 05:55:54,1896,106803.5,142944.5,99.3,20.7,515002,125637,310585
2026-04-28 05:55:59,1896,106803.5,142944.5,99.3,20.7,515002,125940,310282
2026-04-28 05:56:04,1896,106803.5,142944.5,99.3,20.7,515002,125981,310220
2026-04-28 05:56:09,1896,106803.5,142944.5,99.3,20.7,515002,126134,310033
2026-04-28 05:56:14,1896,106803.5,142944.5,99.3,20.7,515002,126118,310049
2026-04-28 05:56:19,1896,106803.5,142944.5,99.3,20.7,515002,126117,310050
2026-04-28 05:56:24,1896,106803.5,142944.5,99.3,20.7,515002,126150,310042
2026-04-28 05:56:29,1896,106803.5,142944.5,99.3,20.7,515002,126160,310112
2026-04-28 05:56:34,1896,106803.5,142944.5,99.3,20.7,515002,126162,310110
2026-04-28 05:56:39,1896,106803.5,142944.5,99.3,20.7,515002,126137,310134
2026-04-28 05:56:44,1896,106803.5,142944.5,99.3,20.7,515002,126009,310317
2026-04-28 05:56:49,1896,106803.5,142944.5,99.3,20.7,515002,125522,310804
2026-04-28 05:56:55,1896,106803.5,142944.5,99.3,20.7,515002,125605,310556
2026-04-28 05:57:00,1896,106803.5,142944.5,99.3,20.7,515002,125607,310663
2026-04-28 05:57:05,1896,106803.5,142944.5,99.2,20.7,515002,125908,310361
2026-04-28 05:57:10,1896,106803.5,142944.5,99.2,20.7,515002,125941,310328
2026-04-28 05:57:15,1896,106803.5,142944.5,99.2,20.7,515002,126124,310090
2026-04-28 05:57:20,1896,106803.5,142944.5,99.2,20.7,515002,126106,310108
2026-04-28 05:57:25,1896,106803.5,142944.5,99.2,20.7,515002,126099,310115
2026-04-28 05:57:30,1896,106803.5,142944.5,99.2,20.7,515002,126093,310166
2026-04-28 05:57:35,1896,106803.5,142944.5,99.2,20.7,515002,126158,310124
2026-04-28 05:57:40,1896,106803.5,142944.5,99.2,20.7,515002,126138,310144
2026-04-28 05:57:45,1896,106803.5,142944.5,99.2,20.7,515002,126141,310141
2026-04-28 05:57:50,1896,106803.5,142944.5,99.2,20.7,515002,126019,310318
2026-04-28 05:57:55,1896,106803.5,142944.5,99.2,20.7,515002,125544,310791
2026-04-28 05:58:00,1896,106803.5,142944.5,99.2,20.7,515002,125700,310474
2026-04-28 05:58:05,1896,106803.5,142944.5,99.2,20.7,515002,125714,310565
2026-04-28 05:58:10,1896,106803.5,142944.5,99.2,20.7,515002,126015,310264
2026-04-28 05:58:15,1896,106803.5,142944.5,99.2,20.7,515002,126238,309985
2026-04-28 05:58:20,1896,106803.5,142944.5,99.2,20.7,515002,126234,309989
2026-04-28 05:58:25,1896,106803.5,142944.5,99.2,20.7,515002,126213,310010
2026-04-28 05:58:30,1896,106803.5,142944.5,99.2,20.7,515002,126191,310032
2026-04-28 05:58:35,1896,106803.5,142944.5,99.2,20.7,515002,126254,310027
2026-04-28 05:58:40,1896,106803.5,142944.5,99.2,20.7,515002,126252,310029
2026-04-28 05:58:45,1896,106803.5,142944.5,99.2,20.7,515002,126231,310050
2026-04-28 05:58:50,1896,106803.5,142944.5,99.3,20.7,515002,126123,310213
2026-04-28 05:58:55,1896,106803.5,142944.5,99.3,20.7,515002,125632,310703
2026-04-28 05:59:00,1896,106803.5,142944.5,99.3,20.7,515002,125612,310577
2026-04-28 05:59:05,1896,106803.5,142944.5,99.3,20.7,515002,125499,310671
2026-04-28 05:59:10,1896,106803.5,142944.5,99.3,20.7,515002,125828,310451
2026-04-28 05:59:15,1896,106803.5,142944.5,99.3,20.7,515002,126055,310213
2026-04-28 05:59:20,1896,106803.5,142944.5,99.3,20.7,515002,126088,310136
2026-04-28 05:59:25,1896,106803.5,142944.5,99.3,20.7,515002,126093,310131
2026-04-28 05:59:30,1896,106803.5,142944.5,99.3,20.7,515002,126085,310139
2026-04-28 05:59:35,1896,106803.5,142944.5,99.3,20.7,515002,126163,310114
2026-04-28 05:59:41,1896,106803.5,142944.5,99.3,20.7,515002,126157,310120
2026-04-28 05:59:46,1896,106803.5,142944.5,99.3,20.7,515002,126157,310120
2026-04-28 05:59:51,1896,106803.5,142944.5,99.3,20.7,515002,126145,310132
2026-04-28 05:59:56,1896,106803.5,142944.5,99.2,20.7,515002,126011,310318
2026-04-28 06:00:01,1896,106803.5,142944.5,99.2,20.7,515002,125541,310788
2026-04-28 06:00:06,1896,106803.5,142944.5,99.2,20.7,515002,125569,310594
2026-04-28 06:00:11,1896,106803.5,142944.5,99.2,20.7,515002,125571,310702
2026-04-28 06:00:16,1896,106803.5,142944.5,99.2,20.7,515002,125888,310385
2026-04-28 06:00:21,1896,106803.5,142944.5,99.2,20.7,515002,125988,310252
2026-04-28 06:00:26,1896,106803.5,142944.5,99.2,20.7,515002,126163,310055
2026-04-28 06:00:31,1896,106803.5,142944.5,99.2,20.7,515002,126154,310064
2026-04-28 06:00:36,1896,106803.5,142944.5,99.2,20.7,515002,126141,310077
2026-04-28 06:00:41,1896,106803.5,142944.5,99.2,20.7,515002,126204,310072
2026-04-28 06:00:46,1896,106803.5,142944.5,99.2,20.7,515002,126202,310074
2026-04-28 06:00:51,1896,106803.5,142944.5,99.2,20.7,515002,126190,310085
2026-04-28 06:00:56,1896,106803.5,142944.5,99.2,20.7,515002,126184,310091
2026-04-28 06:01:01,1896,106803.5,142944.5,99.2,20.7,515002,126064,310264
2026-04-28 06:01:06,1896,106803.5,142944.5,99.2,20.7,515002,125745,310485
2026-04-28 06:01:11,1896,106803.5,142944.5,99.2,20.7,515002,125657,310505
2026-04-28 06:01:16,1896,106803.5,142944.5,99.2,20.7,515002,125781,310490
2026-04-28 06:01:21,1896,106803.5,142944.5,99.2,20.7,515002,125998,310273
2026-04-28 06:01:26,1896,106803.5,142944.5,99.2,20.7,515002,126201,310014
2026-04-28 06:01:31,1896,106803.5,142944.5,99.2,20.7,515002,126190,310026
2026-04-28 06:01:36,1896,106803.5,142944.5,99.2,20.7,515002,126188,310028
2026-04-28 06:01:41,1896,106803.5,142944.5,99.2,20.7,515002,126173,310043
2026-04-28 06:01:46,1896,106803.5,142944.5,99.3,20.7,515002,126201,310078
2026-04-28 06:01:51,1896,106803.5,142944.5,99.3,20.7,515002,126193,310086
2026-04-28 06:01:56,1896,106803.5,142944.5,99.3,20.7,515002,126185,310093
2026-04-28 06:02:01,1896,106803.5,142944.5,99.3,20.7,515002,126053,310281
2026-04-28 06:02:06,1896,106803.5,142944.5,99.3,20.7,515002,125583,310747
2026-04-28 06:02:11,1896,106803.5,142944.5,99.3,20.7,515002,125696,310525
2026-04-28 06:02:16,1896,106803.5,142944.5,99.3,20.7,515002,125664,310501
2026-04-28 06:02:21,1896,106803.5,142944.5,99.3,20.7,515002,125827,310447
2026-04-28 06:02:26,1896,106803.5,142944.5,99.3,20.7,515002,126013,310249
2026-04-28 06:02:31,1896,106803.5,142944.5,99.3,20.7,515002,126213,310006
2026-04-28 06:02:37,1896,106803.5,142944.5,99.3,20.7,515002,126208,310011
2026-04-28 06:02:42,1896,106803.5,142944.5,99.3,20.7,515002,126197,310023
2026-04-28 06:02:47,1896,106803.5,142944.5,99.2,20.7,515002,126220,310012
2026-04-28 06:02:52,1896,106803.5,142944.5,99.2,20.7,515002,126231,310046
2026-04-28 06:02:57,1896,106803.5,142944.5,99.2,20.7,515002,126221,310056
2026-04-28 06:03:02,1896,106803.5,142944.5,99.2,20.7,515002,126210,310067
2026-04-28 06:03:07,1896,106803.5,142944.5,99.2,20.7,515002,126088,310243
2026-04-28 06:03:12,1896,106803.5,142944.5,99.2,20.7,515002,125666,310623
2026-04-28 06:03:17,1896,106803.5,142944.5,99.2,20.7,515002,125778,310387
2026-04-28 06:03:22,1896,106803.5,142944.5,99.2,20.7,515002,125847,310428
2026-04-28 06:03:27,1896,106803.5,142944.5,99.2,20.7,515002,126131,310144
2026-04-28 06:03:32,1896,106803.5,142944.5,99.2,20.7,515002,126273,309947
2026-04-28 06:03:37,1896,106803.5,142944.5,99.2,20.7,515002,126258,309962
2026-04-28 06:03:42,1896,106803.5,142944.5,99.2,20.7,515002,126231,309989
2026-04-28 06:03:47,1896,106803.5,142944.5,99.2,20.7,515002,126235,310022
2026-04-28 06:03:52,1896,106803.5,142944.5,99.2,20.7,515002,126274,310003
2026-04-28 06:03:57,1896,106803.5,142944.5,99.2,20.7,515002,126248,310029
2026-04-28 06:04:02,1896,106803.5,142944.5,99.2,20.7,515002,126220,310057
2026-04-28 06:04:07,1896,106803.5,142944.5,99.2,20.7,515002,126112,310218
2026-04-28 06:04:12,1896,106803.5,142944.5,99.2,20.7,515002,125612,310718
2026-04-28 06:04:17,1896,106803.5,142944.5,99.2,20.7,515002,125482,310683
2026-04-28 06:04:22,1896,106803.5,142944.5,99.2,20.7,515002,125498,310776
2026-04-28 06:04:27,1896,106803.5,142944.5,99.2,20.7,515002,125626,310648
2026-04-28 06:04:32,1896,106803.5,142944.5,99.2,20.7,515002,125840,310434
2026-04-28 06:04:37,1896,106803.5,142944.5,99.2,20.7,515002,126049,310170
2026-04-28 06:04:42,1896,106803.5,142944.5,99.3,20.7,515002,126033,310186
2026-04-28 06:04:47,1896,106803.5,142944.5,99.3,20.7,515002,126037,310182
2026-04-28 06:04:52,1896,106803.5,142944.5,99.3,20.7,515002,126028,310246
2026-04-28 06:04:57,1896,106803.5,142944.5,99.3,20.7,515002,126109,310168
2026-04-28 06:05:02,1896,106803.5,142944.5,99.3,20.7,515002,126084,310193
2026-04-28 06:05:07,1896,106803.5,142944.5,99.3,20.7,515002,126080,310197
2026-04-28 06:05:12,1896,106803.5,142944.5,99.3,20.7,515002,125947,310385
2026-04-28 06:05:17,1896,106803.5,142944.5,99.3,20.7,515002,125491,310837
2026-04-28 06:05:22,1896,106803.5,142944.5,99.3,20.7,515002,125483,310844
2026-04-28 06:05:28,1896,106803.5,142944.5,99.3,20.7,515002,125619,310546
2026-04-28 06:05:33,1896,106803.5,142944.5,99.3,20.7,515002,125602,310669
2026-04-28 06:05:38,1896,106803.5,142944.5,99.2,20.7,515002,125916,310355
2026-04-28 06:05:43,1896,106803.5,142944.5,99.2,20.7,515002,126132,310084
2026-04-28 06:05:48,1896,106803.5,142944.5,99.2,20.7,515002,126121,310095
2026-04-28 06:05:53,1896,106803.5,142944.5,99.2,20.7,515002,126107,310109
2026-04-28 06:05:58,1896,106803.5,142944.5,99.2,20.7,515002,126094,310122
2026-04-28 06:06:03,1896,106803.5,142944.5,99.2,20.7,515002,126146,310128
2026-04-28 06:06:08,1896,106803.5,142944.5,99.2,20.7,515002,126131,310143
2026-04-28 06:06:13,1896,106803.5,142944.5,99.2,20.7,515002,126123,310151
2026-04-28 06:06:18,1896,106803.5,142944.5,99.2,20.7,515002,126002,310327
2026-04-28 06:06:23,1896,106803.5,142944.5,99.2,20.7,515002,125519,310807
2026-04-28 06:06:28,1896,106803.5,142944.5,99.2,20.7,515002,125659,310519
2026-04-28 06:06:33,1896,106803.5,142944.5,99.2,20.7,515002,125642,310519
2026-04-28 06:06:38,1896,106803.5,142944.5,99.2,20.7,515002,125962,310310
2026-04-28 06:06:43,1896,106803.5,142944.5,99.2,20.7,515002,126031,310220
2026-04-28 06:06:48,1896,106803.5,142944.5,99.2,20.7,515002,126230,309986
2026-04-28 06:06:53,1896,106803.5,142944.5,99.2,20.7,515002,126221,309995
2026-04-28 06:06:58,1896,106803.5,142944.5,99.2,20.7,515002,126220,309996
2026-04-28 06:07:03,1896,106803.5,142944.5,99.2,20.7,515002,126257,309967
2026-04-28 06:07:08,1896,106803.5,142944.5,99.2,20.7,515002,126280,309994
2026-04-28 06:07:13,1896,106803.5,142944.5,99.2,20.7,515002,126260,310014
2026-04-28 06:07:18,1896,106803.5,142944.5,99.2,20.7,515002,126238,310035
2026-04-28 06:07:23,1896,106803.5,142944.5,99.2,20.7,515002,125831,310496
2026-04-28 06:07:28,1896,106803.5,142944.5,99.2,20.7,515002,125764,310453
2026-04-28 06:07:33,1896,106803.5,142944.5,99.2,20.7,515002,125636,310525
2026-04-28 06:07:38,1896,106803.5,142944.5,99.3,20.7,515002,125815,310456
2026-04-28 06:07:43,1896,106803.5,142944.5,99.3,20.7,515002,126091,310181
2026-04-28 06:07:48,1896,106803.5,142944.5,99.3,20.7,515002,126312,309904
2026-04-28 06:07:53,1896,106803.5,142944.5,99.3,20.7,515002,126298,309918
2026-04-28 06:07:58,1896,106803.5,142944.5,99.3,20.7,515002,126298,309918
2026-04-28 06:08:03,1896,106803.5,142944.5,99.3,20.7,515002,126299,309966
2026-04-28 06:08:08,1896,106803.5,142944.5,99.3,20.7,515002,126320,309954
2026-04-28 06:08:14,1896,106803.5,142944.5,99.3,20.7,515002,126298,309975
2026-04-28 06:08:19,1896,106803.5,142944.5,99.3,20.7,515002,126295,309978
2026-04-28 06:08:24,1896,106803.5,142944.5,99.3,20.7,515002,126177,310152
2026-04-28 06:08:29,1896,106803.5,142944.5,99.2,20.7,515002,125693,310634
2026-04-28 06:08:34,1896,106803.5,142944.5,99.2,20.7,515002,125814,310374
2026-04-28 06:08:39,1896,106803.5,142944.5,99.2,20.7,515002,125838,310324
2026-04-28 06:08:44,1896,106803.5,142944.5,99.2,20.7,515002,126044,310228
2026-04-28 06:08:49,1896,106803.5,142944.5,99.2,20.7,515002,126199,310052
2026-04-28 06:08:54,1896,106803.5,142944.5,99.2,20.7,515002,126390,309826
2026-04-28 06:08:59,1896,106803.5,142944.5,99.2,20.7,515002,126381,309835
2026-04-28 06:09:04,1896,106803.5,142944.5,99.2,20.7,515002,126368,309848
2026-04-28 06:09:09,1896,106803.5,142944.5,99.2,20.7,515002,126353,309921
2026-04-28 06:09:14,1896,106803.5,142944.5,99.2,20.7,515002,126350,309924
2026-04-28 06:09:19,1896,106803.5,142944.5,99.2,20.7,515002,126332,309941
2026-04-28 06:09:24,1896,106803.5,142944.5,99.2,20.7,515002,126318,309956
2026-04-28 06:09:29,1896,106803.5,142944.5,99.2,20.7,515002,125717,310610
2026-04-28 06:09:34,1896,106803.5,142944.5,99.2,20.7,515002,125841,310371
2026-04-28 06:09:39,1896,106803.5,142944.5,99.2,20.7,515002,125872,310289
2026-04-28 06:09:44,1896,106803.5,142944.5,99.2,20.7,515002,126016,310255
2026-04-28 06:09:49,1896,106803.5,142944.5,99.2,20.7,515002,126184,310079
2026-04-28 06:09:54,1896,106803.5,142944.5,99.2,20.7,515002,126417,309799
2026-04-28 06:09:59,1896,106803.5,142944.5,99.2,20.7,515002,126399,309817
2026-04-28 06:10:04,1896,106803.5,142944.5,99.2,20.7,515002,126388,309828
2026-04-28 06:10:09,1896,106803.5,142944.5,99.2,20.7,515002,126452,309781
2026-04-28 06:10:14,1896,106803.5,142944.5,99.2,20.7,515002,126455,309818
2026-04-28 06:10:19,1896,106803.5,142944.5,99.2,20.7,515002,126455,309818
2026-04-28 06:10:24,1896,106803.5,142944.5,99.2,20.7,515002,126453,309820
2026-04-28 06:10:29,1896,106803.5,142944.5,99.2,20.7,515002,126344,309981
2026-04-28 06:10:34,1896,106803.5,142944.5,99.2,20.7,515002,126080,310138
2026-04-28 06:10:39,1896,106803.5,142944.5,99.3,20.7,515002,125936,310224
2026-04-28 06:10:44,1896,106803.5,142944.5,99.3,20.7,515002,126026,310244
2026-04-28 06:10:49,1896,106803.5,142944.5,99.3,20.7,515002,126299,309971
2026-04-28 06:10:54,1896,106803.5,142944.5,99.3,20.7,515002,126532,309683
2026-04-28 06:10:59,1896,106803.5,142944.5,99.3,20.7,515002,126508,309707
2026-04-28 06:11:04,1896,106803.5,142944.5,99.3,20.7,515002,126488,309727
2026-04-28 06:11:10,1896,106803.5,142944.5,99.3,20.7,515002,126465,309749
2026-04-28 06:11:15,1896,106803.5,142944.5,99.3,20.7,515002,126518,309754
2026-04-28 06:11:20,1896,106803.5,142944.5,99.2,20.7,515002,126507,309765
2026-04-28 06:11:25,1896,106803.5,142944.5,99.2,20.7,515002,126517,309756
2026-04-28 06:11:30,1896,106803.5,142944.5,99.2,20.7,515002,126392,309936
2026-04-28 06:11:35,1896,106803.5,142944.5,99.2,20.7,515002,125914,310410
2026-04-28 06:11:40,1896,106803.5,142944.5,99.2,20.7,515002,126056,310186
2026-04-28 06:11:45,1896,106803.5,142944.5,99.2,20.7,515002,125963,310196
2026-04-28 06:11:50,1896,106803.5,142944.5,99.2,20.7,515002,125972,310297
2026-04-28 06:11:55,1896,106803.5,142944.5,99.2,20.7,515002,126298,309970
2026-04-28 06:12:00,1896,106803.5,142944.5,99.2,20.7,515002,126519,309694
2026-04-28 06:12:05,1896,106803.5,142944.5,99.2,20.7,515002,126520,309694
2026-04-28 06:12:10,1896,106803.5,142944.5,99.2,20.7,515002,126513,309700
2026-04-28 06:12:15,1896,106803.5,142944.5,99.2,20.7,515002,126477,309790
2026-04-28 06:12:20,1896,106803.5,142944.5,99.2,20.7,515002,126545,309726
2026-04-28 06:12:25,1896,106803.5,142944.5,99.2,20.7,515002,126534,309737
2026-04-28 06:12:30,1896,106803.5,142944.5,99.2,20.7,515002,126529,309742
2026-04-28 06:12:35,1896,106803.5,142944.5,99.2,20.7,515002,126416,309910
2026-04-28 06:12:40,1896,106803.5,142944.5,99.2,20.7,515002,125921,310404
2026-04-28 06:12:45,1896,106803.5,142944.5,99.2,20.7,515002,125949,310213
2026-04-28 06:12:50,1896,106803.5,142944.5,99.2,20.7,515002,125895,310263
2026-04-28 06:12:55,1896,106803.5,142944.5,99.2,20.7,515002,126110,310158
2026-04-28 06:13:00,1896,106803.5,142944.5,99.2,20.7,515002,126309,309923
2026-04-28 06:13:05,1896,106803.5,142944.5,99.2,20.7,515002,126440,309773
2026-04-28 06:13:10,1896,106803.5,142944.5,99.2,20.7,515002,126432,309781
2026-04-28 06:13:15,1896,106803.5,142944.5,99.2,20.7,515002,126437,309775
2026-04-28 06:13:20,1896,106803.5,142944.5,99.2,20.7,515002,126503,309768
2026-04-28 06:13:25,1896,106803.5,142944.5,99.2,20.7,515002,126502,309768
2026-04-28 06:13:30,1896,106803.5,142944.5,99.3,20.7,515002,126484,309786
2026-04-28 06:13:35,1896,106803.5,142944.5,99.3,20.7,515002,126485,309786
2026-04-28 06:13:40,1896,106803.5,142944.5,99.3,20.7,515002,125885,310438
2026-04-28 06:13:45,1896,106803.5,142944.5,99.3,20.7,515002,125991,310279
2026-04-28 06:13:50,1896,106803.5,142944.5,99.3,20.7,515002,125988,310169
2026-04-28 06:13:56,1896,106803.5,142944.5,99.3,20.7,515002,125979,310288
2026-04-28 06:14:01,1896,106803.5,142944.5,99.3,20.7,515002,126218,310049
2026-04-28 06:14:06,1896,106803.5,142944.5,99.2,20.7,515002,126451,309761
2026-04-28 06:14:11,1896,106803.5,142944.5,99.2,20.7,515002,126437,309774
2026-04-28 06:14:16,1896,106803.5,142944.5,99.2,20.7,515002,126426,309785
2026-04-28 06:14:21,1896,106803.5,142944.5,99.2,20.7,515002,126416,309795
2026-04-28 06:14:26,1896,106803.5,142944.5,99.2,20.7,515002,126505,309764
2026-04-28 06:14:31,1896,106803.5,142944.5,99.2,20.7,515002,126498,309771
2026-04-28 06:14:36,1896,106803.5,142944.5,99.2,20.7,515002,126494,309775
2026-04-28 06:14:41,1896,106803.5,142944.5,99.2,20.7,515002,126487,309781
2026-04-28 06:14:46,1896,106803.5,142944.5,99.2,20.7,515002,126389,309933
2026-04-28 06:14:51,1896,106803.5,142944.5,99.2,20.7,515002,125897,310425
2026-04-28 06:14:56,1896,106803.5,142944.5,99.2,20.7,515002,125942,310215
2026-04-28 06:15:01,1896,106803.5,142944.5,99.2,20.7,515002,125931,310226
2026-04-28 06:15:06,1896,106803.5,142944.5,99.2,20.7,515002,126210,310057
2026-04-28 06:15:11,1896,106803.5,142944.5,99.2,20.7,515002,126396,309815
2026-04-28 06:15:16,1896,106803.5,142944.5,99.2,20.7,515002,126491,309721
2026-04-28 06:15:21,1896,106803.5,142944.5,99.2,20.7,515002,126467,309744
2026-04-28 06:15:26,1896,106803.5,142944.5,99.2,20.7,515002,126449,309762
2026-04-28 06:15:31,1896,106803.5,142944.5,99.2,20.7,515002,126498,309771
2026-04-28 06:15:36,1896,106803.5,142944.5,99.2,20.7,515002,126494,309774
2026-04-28 06:15:41,1896,106803.5,142944.5,99.2,20.7,515002,126474,309794
2026-04-28 06:15:46,1896,106803.5,142944.5,99.2,20.7,515002,126466,309858
2026-04-28 06:15:51,1896,106803.5,142944.5,99.2,20.7,515002,125856,310466
2026-04-28 06:15:56,1896,106803.5,142944.5,99.2,20.7,515002,125903,310252
2026-04-28 06:16:01,1896,106803.5,142944.5,99.2,20.7,515002,125895,310370
2026-04-28 06:16:06,1896,106803.5,142944.5,99.2,20.7,515002,126204,310061
2026-04-28 06:16:11,1896,106803.5,142944.5,99.2,20.7,515002,126457,309753
2026-04-28 06:16:16,1896,106803.5,142944.5,99.2,20.7,515002,126440,309770
2026-04-28 06:16:21,1896,106803.5,142944.5,99.2,20.7,515002,126421,309789
2026-04-28 06:16:26,1896,106803.5,142944.5,99.3,20.7,515002,126403,309807
2026-04-28 06:16:31,1896,106803.5,142944.5,99.3,20.7,515002,126482,309785
2026-04-28 06:16:36,1896,106803.5,142944.5,99.3,20.7,515002,126470,309797
2026-04-28 06:16:41,1896,106803.5,142944.5,99.3,20.7,515002,126454,309813
2026-04-28 06:16:47,1896,106803.5,142944.5,99.3,20.7,515002,126329,309993
2026-04-28 06:16:52,1896,106803.5,142944.5,99.3,20.7,515002,125835,310485
2026-04-28 06:16:57,1896,106803.5,142944.5,99.2,20.7,515002,125947,310243
2026-04-28 06:17:02,1896,106803.5,142944.5,99.2,20.7,515002,125923,310230
2026-04-28 06:17:07,1896,106803.5,142944.5,99.2,20.7,515002,126192,310072
2026-04-28 06:17:12,1896,106803.5,142944.5,99.2,20.7,515002,126357,309874
2026-04-28 06:17:17,1896,106803.5,142944.5,99.2,20.7,515002,126517,309692
2026-04-28 06:17:22,1896,106803.5,142944.5,99.2,20.7,515002,126512,309697
2026-04-28 06:17:27,1896,106803.5,142944.5,99.2,20.7,515002,126496,309713
2026-04-28 06:17:32,1896,106803.5,142944.5,99.2,20.7,515002,126553,309713
2026-04-28 06:17:37,1896,106803.5,142944.5,99.2,20.7,515002,126539,309727
2026-04-28 06:17:42,1896,106803.5,142944.5,99.2,20.7,515002,126517,309749
2026-04-28 06:17:47,1896,106803.5,142944.5,99.2,20.7,515002,126511,309755
2026-04-28 06:17:52,1896,106803.5,142944.5,99.2,20.7,515002,125909,310410
2026-04-28 06:17:57,1896,106803.5,142944.5,99.2,20.7,515002,126005,310191
2026-04-28 06:18:02,1896,106803.5,142944.5,99.2,20.7,515002,125952,310201
2026-04-28 06:18:07,1896,106803.5,142944.5,99.2,20.7,515002,126133,310130
2026-04-28 06:18:12,1896,106803.5,142944.5,99.2,20.7,515002,126296,309955
2026-04-28 06:18:17,1896,106803.5,142944.5,99.2,20.7,515002,126466,309742
2026-04-28 06:18:22,1896,106803.5,142944.5,99.2,20.7,515002,126460,309748
2026-04-28 06:18:27,1896,106803.5,142944.5,99.2,20.7,515002,126453,309756
2026-04-28 06:18:32,1896,106803.5,142944.5,99.2,20.7,515002,126431,309827
2026-04-28 06:18:37,1896,106803.5,142944.5,99.2,20.7,515002,126490,309776
2026-04-28 06:18:42,1896,106803.5,142944.5,99.2,20.7,515002,126474,309792
2026-04-28 06:18:47,1896,106803.5,142944.5,99.2,20.7,515002,126463,309802
2026-04-28 06:18:52,1896,106803.5,142944.5,99.2,20.7,515002,126339,309980
2026-04-28 06:18:57,1896,106803.5,142944.5,99.2,20.7,515002,125863,310456
2026-04-28 06:19:02,1896,106803.5,142944.5,99.2,20.7,515002,125913,310247
2026-04-28 06:19:07,1896,106803.5,142944.5,99.2,20.7,515002,125941,310323
2026-04-28 06:19:12,1896,106803.5,142944.5,99.2,20.7,515002,126163,310101
2026-04-28 06:19:17,1896,106803.5,142944.5,99.2,20.7,515002,126293,309926
2026-04-28 06:19:22,1896,106803.5,142944.5,99.3,20.7,515002,126462,309746
2026-04-28 06:19:27,1896,106803.5,142944.5,99.3,20.7,515002,126457,309751
2026-04-28 06:19:33,1896,106803.5,142944.5,99.3,20.7,515002,126440,309768
2026-04-28 06:19:38,1896,106803.5,142944.5,99.3,20.7,515002,126485,309781
2026-04-28 06:19:43,1896,106803.5,142944.5,99.3,20.7,515002,126475,309791
2026-04-28 06:19:48,1896,106803.5,142944.5,99.2,20.7,515002,126474,309792
2026-04-28 06:19:53,1896,106803.5,142944.5,99.2,20.7,515002,126465,309800
2026-04-28 06:19:58,1896,106803.5,142944.5,99.2,20.7,515002,126069,310251
2026-04-28 06:20:03,1896,106803.5,142944.5,99.2,20.7,515002,125964,310246
2026-04-28 06:20:08,1896,106803.5,142944.5,99.2,20.7,515002,125976,310178
2026-04-28 06:20:13,1896,106803.5,142944.5,99.2,20.7,515002,126095,310169
2026-04-28 06:20:18,1896,106803.5,142944.5,99.2,20.7,515002,126254,310009
2026-04-28 06:20:23,1896,106803.5,142944.5,99.2,20.7,515002,126425,309784
2026-04-28 06:20:28,1896,106803.5,142944.5,99.2,20.7,515002,126414,309795
2026-04-28 06:20:33,1896,106803.5,142944.5,99.2,20.7,515002,126387,309821
2026-04-28 06:20:38,1896,106803.5,142944.5,99.2,20.7,515002,126368,309894
2026-04-28 06:20:43,1896,106803.5,142944.5,99.2,20.7,515002,126430,309831
2026-04-28 06:20:48,1896,106803.5,142944.5,99.2,20.7,515002,126418,309843
2026-04-28 06:20:53,1896,106803.5,142944.5,99.2,20.7,515002,126385,309876
2026-04-28 06:20:58,1896,106803.5,142944.5,99.2,20.7,515002,126248,310066
2026-04-28 06:21:03,1896,106803.5,142944.5,99.2,20.7,515002,125946,310263
2026-04-28 06:21:08,1896,106803.5,142944.5,99.2,20.7,515002,125878,310270
2026-04-28 06:21:13,1896,106803.5,142944.5,99.2,20.7,515002,125877,310382
2026-04-28 06:21:18,1896,106803.5,142944.5,99.2,20.7,515002,126216,310043
2026-04-28 06:21:23,1896,106803.5,142944.5,99.2,20.7,515002,126424,309779
2026-04-28 06:21:28,1896,106803.5,142944.5,99.2,20.7,515002,126411,309792
2026-04-28 06:21:33,1896,106803.5,142944.5,99.2,20.7,515002,126387,309816
2026-04-28 06:21:38,1896,106803.5,142944.5,99.2,20.7,515002,126380,309869
2026-04-28 06:21:43,1896,106803.5,142944.5,99.2,20.7,515002,126421,309840
2026-04-28 06:21:48,1896,106803.5,142944.5,99.2,20.7,515002,126402,309859
2026-04-28 06:21:53,1896,106803.5,142944.5,99.2,20.7,515002,126391,309869
2026-04-28 06:21:58,1896,106803.5,142944.5,99.2,20.7,515002,126277,310037
2026-04-28 06:22:03,1896,106803.5,142944.5,99.2,20.7,515002,125781,310532
2026-04-28 06:22:08,1896,106803.5,142944.5,99.2,20.7,515002,125837,310315
2026-04-28 06:22:13,1896,106803.5,142944.5,99.2,20.7,515002,125831,310318
2026-04-28 06:22:18,1896,106803.5,142944.5,99.2,20.7,515002,126083,310175
2026-04-28 06:22:24,1896,106803.5,142944.5,99.3,20.7,515002,126244,309966
2026-04-28 06:22:29,1896,106803.5,142944.5,99.3,20.7,515002,126423,309780
2026-04-28 06:22:34,1896,106803.5,142944.5,99.3,20.7,515002,126420,309783
2026-04-28 06:22:39,1896,106803.5,142944.5,99.2,20.7,515002,126405,309798
2026-04-28 06:22:44,1896,106803.5,142944.5,99.2,20.7,515002,126436,309830
2026-04-28 06:22:49,1896,106803.5,142944.5,99.2,20.7,515002,126417,309849
2026-04-28 06:22:54,1896,106803.5,142944.5,99.2,20.7,515002,126405,309860
2026-04-28 06:22:59,1896,106803.5,142944.5,99.2,20.7,515002,126388,309878
2026-04-28 06:23:04,1896,106803.5,142944.5,99.2,20.7,515002,125773,310546
2026-04-28 06:23:09,1896,106803.5,142944.5,99.2,20.7,515002,125877,310330
2026-04-28 06:23:14,1896,106803.5,142944.5,99.2,20.7,515002,125797,310357
2026-04-28 06:23:19,1896,106803.5,142944.5,99.2,20.7,515002,125934,310330
2026-04-28 06:23:24,1896,106803.5,142944.5,99.2,20.7,515002,126132,310108
2026-04-28 06:23:29,1896,106803.5,142944.5,99.2,20.7,515002,126337,309871
2026-04-28 06:23:34,1896,106803.5,142944.5,99.2,20.7,515002,126328,309880
2026-04-28 06:23:39,1896,106803.5,142944.5,99.2,20.7,515002,126323,309885
2026-04-28 06:23:44,1896,106803.5,142944.5,99.2,20.7,515002,126395,309866
2026-04-28 06:23:49,1896,106803.5,142944.5,99.2,20.7,515002,126359,309902
2026-04-28 06:23:54,1896,106803.5,142944.5,99.2,20.7,515002,126335,309926
2026-04-28 06:23:59,1896,106803.5,142944.5,99.2,20.7,515002,126306,309954
2026-04-28 06:24:04,1896,106803.5,142944.5,99.2,20.7,515002,126191,310122
2026-04-28 06:24:09,1896,106803.5,142944.5,99.2,20.7,515002,125730,310517
2026-04-28 06:24:14,1896,106803.5,142944.5,99.2,20.7,515002,125665,310482
2026-04-28 06:24:19,1896,106803.5,142944.5,99.2,20.7,515002,125679,310578
2026-04-28 06:24:24,1896,106803.5,142944.5,99.2,20.7,515002,125990,310267
2026-04-28 06:24:29,1896,106803.5,142944.5,99.2,20.7,515002,126033,310204
2026-04-28 06:24:34,1896,106803.5,142944.5,99.2,20.7,515002,126175,310026
2026-04-28 06:24:39,1896,106803.5,142944.5,99.2,20.7,515002,126144,310057
2026-04-28 06:24:44,1896,106803.5,142944.5,99.2,20.7,515002,126132,310070
2026-04-28 06:24:49,1896,106803.5,142944.5,99.2,20.7,515002,126180,310042
2026-04-28 06:24:54,1896,106803.5,142944.5,99.2,20.7,515002,126183,310076
2026-04-28 06:24:59,1896,106803.5,142944.5,99.2,20.7,515002,126162,310097
2026-04-28 06:25:04,1896,106803.5,142944.5,99.2,20.7,515002,126147,310112
2026-04-28 06:25:09,1896,106803.5,142944.5,99.2,20.7,515002,126019,310295
2026-04-28 06:25:15,1896,106803.5,142944.5,99.2,20.7,515002,125540,310771
2026-04-28 06:25:20,1896,106803.5,142944.5,99.2,20.7,515002,125608,310553
2026-04-28 06:25:25,1896,106803.5,142944.5,99.3,20.7,515002,125596,310659
2026-04-28 06:25:30,1896,106803.5,142944.5,99.2,20.7,515002,125914,310342
2026-04-28 06:25:35,1896,106803.5,142944.5,99.2,20.7,515002,126033,310167
2026-04-28 06:25:40,1896,106803.5,142944.5,99.2,20.7,515002,126161,310039
2026-04-28 06:25:45,1896,106803.5,142944.5,99.2,20.7,515002,126161,310039
2026-04-28 06:25:50,1896,106803.5,142944.5,99.2,20.7,515002,126158,310043
2026-04-28 06:25:55,1896,106803.5,142944.5,99.2,20.7,515002,126261,309939
2026-04-28 06:26:00,1896,106803.5,142944.5,99.2,20.7,515002,126239,310019
2026-04-28 06:26:05,1896,106803.5,142944.5,99.2,20.7,515002,126224,310034
2026-04-28 06:26:10,1896,106803.5,142944.5,99.2,20.7,515002,126222,310035
2026-04-28 06:26:15,1896,106803.5,142944.5,99.2,20.7,515002,126013,310299
2026-04-28 06:26:20,1896,106803.5,142944.5,99.2,20.7,515002,125730,310471
2026-04-28 06:26:25,1896,106803.5,142944.5,99.2,20.7,515002,125772,310373
2026-04-28 06:26:30,1896,106803.5,142944.5,99.2,20.7,515002,125878,310378
2026-04-28 06:26:35,1896,106803.5,142944.5,99.2,20.7,515002,126113,310143
2026-04-28 06:26:40,1896,106803.5,142944.5,99.2,20.7,515002,126315,309885
2026-04-28 06:26:45,1896,106803.5,142944.5,99.2,20.7,515002,126307,309893
2026-04-28 06:26:50,1896,106803.5,142944.5,99.2,20.7,515002,126284,309916
2026-04-28 06:26:55,1896,106803.5,142944.5,99.2,20.7,515002,126266,309934
2026-04-28 06:27:00,1896,106803.5,142944.5,99.2,20.7,515002,126335,309923
2026-04-28 06:27:05,1896,106803.5,142944.5,99.2,20.7,515002,126331,309927
2026-04-28 06:27:10,1896,106803.5,142944.5,99.2,20.7,515002,126331,309926
2026-04-28 06:27:15,1896,106803.5,142944.5,99.2,20.7,515002,126209,310104
2026-04-28 06:27:20,1896,106803.5,142944.5,99.2,20.7,515002,125724,310587
2026-04-28 06:27:25,1896,106803.5,142944.5,99.2,20.7,515002,125842,310303
2026-04-28 06:27:30,1896,106803.5,142944.5,99.2,20.7,515002,125866,310390
2026-04-28 06:27:35,1896,106803.5,142944.5,99.2,20.7,515002,126164,310091
2026-04-28 06:27:40,1896,106803.5,142944.5,99.2,20.7,515002,126154,310093
2026-04-28 06:27:45,1896,106803.5,142944.5,99.2,20.7,515002,126390,309810
2026-04-28 06:27:50,1896,106803.5,142944.5,99.2,20.7,515002,126380,309820
2026-04-28 06:27:55,1896,106803.5,142944.5,99.2,20.7,515002,126372,309828
2026-04-28 06:28:00,1896,106803.5,142944.5,99.2,20.7,515002,126434,309775
2026-04-28 06:28:05,1896,106803.5,142944.5,99.2,20.7,515002,126416,309842
2026-04-28 06:28:11,1896,106803.5,142944.5,99.2,20.7,515002,126399,309858
2026-04-28 06:28:16,1896,106803.5,142944.5,99.2,20.7,515002,126398,309860
2026-04-28 06:28:21,1896,106803.5,142944.5,99.2,20.7,515002,126272,310039
2026-04-28 06:28:26,1896,106803.5,142944.5,99.2,20.7,515002,125791,310520
2026-04-28 06:28:31,1896,106803.5,142944.5,99.2,20.7,515002,125873,310271
2026-04-28 06:28:36,1896,106803.5,142944.5,99.2,20.7,515002,125900,310355
2026-04-28 06:28:41,1896,106803.5,142944.5,99.2,20.7,515002,125942,310312
2026-04-28 06:28:46,1896,106803.5,142944.5,99.2,20.7,515002,126228,310002
2026-04-28 06:28:51,1896,106803.5,142944.5,99.2,20.7,515002,126395,309804
2026-04-28 06:28:56,1896,106803.5,142944.5,99.2,20.7,515002,126384,309815
2026-04-28 06:29:01,1896,106803.5,142944.5,99.2,20.7,515002,126351,309848
2026-04-28 06:29:06,1896,106803.5,142944.5,99.2,20.7,515002,126402,309802
2026-04-28 06:29:11,1896,106803.5,142944.5,99.2,20.7,515002,126402,309855
2026-04-28 06:29:16,1896,106803.5,142944.5,99.2,20.7,515002,126379,309878
2026-04-28 06:29:21,1896,106803.5,142944.5,99.2,20.7,515002,126370,309887
2026-04-28 06:29:26,1896,106803.5,142944.5,99.2,20.7,515002,126246,310064
2026-04-28 06:29:31,1896,106803.5,142944.5,99.2,20.7,515002,125856,310345
2026-04-28 06:29:36,1896,106803.5,142944.5,99.2,20.7,515002,125862,310283
2026-04-28 06:29:41,1896,106803.5,142944.5,99.2,20.7,515002,125865,310389
2026-04-28 06:29:46,1896,106803.5,142944.5,99.2,20.7,515002,126156,310099
2026-04-28 06:29:51,1896,106803.5,142944.5,99.2,20.7,515002,126406,309794
2026-04-28 06:29:56,1896,106803.5,142944.5,99.2,20.7,515002,126396,309803
2026-04-28 06:30:01,1896,106803.5,142944.5,99.2,20.7,515002,126380,309820
2026-04-28 06:30:06,1896,106803.5,142944.5,99.2,20.7,515002,126347,309852
2026-04-28 06:30:11,1896,106803.5,142944.5,99.2,20.7,515002,126419,309838
2026-04-28 06:30:16,1896,106803.5,142944.5,99.2,20.7,515002,126409,309848
2026-04-28 06:30:21,1896,106803.5,142944.5,99.2,20.7,515002,126397,309860
2026-04-28 06:30:26,1896,106803.5,142944.5,99.2,20.7,515002,126299,310013
2026-04-28 06:30:31,1896,106803.5,142944.5,99.2,20.7,515002,125802,310509
2026-04-28 06:30:36,1896,106803.5,142944.5,99.2,20.7,515002,125929,310238
2026-04-28 06:30:41,1896,106803.5,142944.5,99.2,20.7,515002,125888,310257
2026-04-28 06:30:46,1896,106803.5,142944.5,99.2,20.7,515002,126127,310128
2026-04-28 06:30:51,1896,106803.5,142944.5,99.2,20.7,515002,126214,310009
2026-04-28 06:30:56,1896,106803.5,142944.5,99.2,20.7,515002,126398,309801
2026-04-28 06:31:02,1896,106803.5,142944.5,99.2,20.7,515002,126375,309824
2026-04-28 06:31:07,1896,106803.5,142944.5,99.2,20.7,515002,126361,309839
2026-04-28 06:31:12,1896,106803.5,142944.5,99.2,20.7,515002,126426,309831
2026-04-28 06:31:17,1896,106803.5,142944.5,99.2,20.7,515002,126421,309836
2026-04-28 06:31:22,1896,106803.5,142944.5,99.2,20.7,515002,126406,309851
2026-04-28 06:31:27,1896,106803.5,142944.5,99.2,20.7,515002,126391,309866
2026-04-28 06:31:32,1896,106803.5,142944.5,99.2,20.7,515002,125781,310529
2026-04-28 06:31:37,1896,106803.5,142944.5,99.2,20.7,515002,125822,310378
2026-04-28 06:31:42,1896,106803.5,142944.5,99.2,20.7,515002,125802,310343
2026-04-28 06:31:47,1896,106803.5,142944.5,99.2,20.7,515002,125984,310271
2026-04-28 06:31:52,1896,106803.5,142944.5,99.2,20.7,515002,126106,310149
2026-04-28 06:31:57,1896,106803.5,142944.5,99.2,20.7,515002,126315,309927
2026-04-28 06:32:02,1896,106803.5,142944.5,99.2,20.7,515002,126298,309901
2026-04-28 06:32:07,1896,106803.5,142944.5,99.2,20.7,515002,126294,309906
2026-04-28 06:32:12,1896,106803.5,142944.5,99.2,20.7,515002,126277,309922
2026-04-28 06:32:17,1896,106803.5,142944.5,99.2,20.7,515002,126315,309942
2026-04-28 06:32:22,1896,106803.5,142944.5,99.2,20.7,515002,126303,309954
2026-04-28 06:32:27,1896,106803.5,142944.5,99.2,20.7,515002,126300,309957
2026-04-28 06:32:32,1896,106803.5,142944.5,99.2,20.7,515002,126169,310143
2026-04-28 06:32:37,1896,106803.5,142944.5,99.2,20.7,515002,125701,310610
2026-04-28 06:32:42,1896,106803.5,142944.5,99.2,20.7,515002,125772,310429
2026-04-28 06:32:47,1896,106803.5,142944.5,99.2,20.7,515002,125633,310513
2026-04-28 06:32:52,1896,106803.5,142944.5,99.2,20.7,515002,125769,310487
2026-04-28 06:32:57,1896,106803.5,142944.5,99.2,20.7,515002,125980,310271
2026-04-28 06:33:02,1896,106803.5,142944.5,99.2,20.7,515002,126144,310056
2026-04-28 06:33:07,1896,106803.5,142944.5,99.2,20.7,515002,126138,310063
2026-04-28 06:33:12,1896,106803.5,142944.5,99.2,20.7,515002,126131,310069
2026-04-28 06:33:17,1896,106803.5,142944.5,99.2,20.7,515002,126194,310028
2026-04-28 06:33:22,1896,106803.5,142944.5,99.2,20.7,515002,126206,310047
2026-04-28 06:33:27,1896,106803.5,142944.5,99.2,20.7,515002,126200,310053
2026-04-28 06:33:32,1896,106803.5,142944.5,99.2,20.7,515002,126191,310062
2026-04-28 06:33:37,1896,106803.5,142944.5,99.2,20.7,515002,126060,310246
2026-04-28 06:33:42,1896,106803.5,142944.5,99.2,20.7,515002,125582,310720
2026-04-28 06:33:47,1896,106803.5,142944.5,99.2,20.7,515002,125722,310418
2026-04-28 06:33:53,1896,106803.5,142944.5,99.2,20.7,515002,125786,310464
2026-04-28 06:33:58,1896,106803.5,142944.5,99.2,20.7,515002,126051,310199
2026-04-28 06:34:03,1896,106803.5,142944.5,99.2,20.7,515002,126284,309941
2026-04-28 06:34:08,1896,106803.5,142944.5,99.2,20.7,515002,126289,309906
2026-04-28 06:34:13,1896,106803.5,142944.5,99.2,20.7,515002,126281,309914
2026-04-28 06:34:18,1896,106803.5,142944.5,99.2,20.7,515002,126268,309927
2026-04-28 06:34:23,1896,106803.5,142944.5,99.2,20.7,515002,126291,309910
2026-04-28 06:34:28,1896,106803.5,142944.5,99.2,20.7,515002,126299,309902
2026-04-28 06:34:33,1896,106803.5,142944.5,99.2,20.7,515002,126270,309931
2026-04-28 06:34:38,1896,106803.5,142944.5,99.2,20.7,515002,126165,310084
2026-04-28 06:34:43,1896,106803.5,142944.5,99.2,20.7,515002,125792,310406
2026-04-28 06:34:48,1896,106803.5,142944.5,99.2,20.7,515002,125758,310335
2026-04-28 06:34:53,1896,106803.5,142944.5,99.2,20.7,515002,125872,310325
2026-04-28 06:34:58,1896,106803.5,142944.5,99.2,20.7,515002,126088,310088
2026-04-28 06:35:03,1896,106803.5,142944.5,99.2,20.7,515002,126298,309843
2026-04-28 06:35:08,1896,106803.5,142944.5,99.2,20.7,515002,126293,309848
2026-04-28 06:35:13,1896,106803.5,142944.5,99.2,20.7,515002,126272,309869
2026-04-28 06:35:18,1896,106803.5,142944.5,99.2,20.7,515002,126326,309915
2026-04-28 06:35:23,1896,106803.5,142944.5,99.2,20.7,515002,126306,309935
2026-04-28 06:35:28,1896,106803.5,142944.5,99.2,20.7,515002,126291,309950
2026-04-28 06:35:33,1896,106803.5,142944.5,99.2,20.7,515002,126268,309973
2026-04-28 06:35:38,1896,106803.5,142944.5,99.2,20.7,515002,126137,310156
2026-04-28 06:35:43,1896,106803.5,142944.5,99.2,20.7,515002,125647,310646
2026-04-28 06:35:48,1896,106803.5,142944.5,99.2,20.7,515002,125755,310386
2026-04-28 06:35:53,1896,106803.5,142944.5,99.2,20.7,515002,125759,310368
2026-04-28 06:35:58,1896,106803.5,142944.5,99.2,20.7,515002,126055,310182
2026-04-28 06:36:03,1896,106803.5,142944.5,99.2,20.7,515002,126188,309994
2026-04-28 06:36:08,1896,106803.5,142944.5,99.2,20.7,515002,126260,309921
2026-04-28 06:36:13,1896,106803.5,142944.5,99.2,20.7,515002,126242,309939
2026-04-28 06:36:18,1896,106803.5,142944.5,99.2,20.7,515002,126248,309933
2026-04-28 06:36:23,1896,106803.5,142944.5,99.2,20.7,515002,126269,309985
2026-04-28 06:36:28,1896,106803.5,142944.5,99.2,20.7,515002,126258,309997
2026-04-28 06:36:33,1896,106803.5,142944.5,99.2,20.7,515002,126250,310005
2026-04-28 06:36:39,1896,106803.5,142944.5,99.2,20.7,515002,126127,310183
2026-04-28 06:36:44,1896,106803.5,142944.5,99.2,20.7,515002,125655,310653
2026-04-28 06:36:49,1896,106803.5,142944.5,99.2,20.7,515002,125731,310467
2026-04-28 06:36:54,1896,106803.5,142944.5,99.2,20.7,515002,125746,310397
2026-04-28 06:36:59,1896,106803.5,142944.5,99.2,20.7,515002,125822,310431
2026-04-28 06:37:04,1896,106803.5,142944.5,99.2,20.7,515002,126060,310192
2026-04-28 06:37:09,1896,106803.5,142944.5,99.2,20.7,515002,126271,309926
2026-04-28 06:37:14,1896,106803.5,142944.5,99.2,20.7,515002,126261,309936
2026-04-28 06:37:19,1896,106803.5,142944.5,99.2,20.7,515002,126248,309949
2026-04-28 06:37:24,1896,106803.5,142944.5,99.2,20.7,515002,126223,309974
2026-04-28 06:37:29,1896,106803.5,142944.5,99.2,20.7,515002,126306,309944
2026-04-28 06:37:34,1896,106803.5,142944.5,99.2,20.7,515002,126296,309954
2026-04-28 06:37:39,1896,106803.5,142944.5,99.2,20.7,515002,126275,309974
2026-04-28 06:37:44,1896,106803.5,142944.5,99.2,20.7,515002,126148,310157
2026-04-28 06:37:49,1896,106803.5,142944.5,99.2,20.7,515002,125675,310628
2026-04-28 06:37:54,1896,106803.5,142944.5,99.2,20.7,515002,125783,310409
2026-04-28 06:37:59,1896,106803.5,142944.5,99.2,20.7,515002,125781,310357
2026-04-28 06:38:04,1896,106803.5,142944.5,99.2,20.7,515002,125868,310379
2026-04-28 06:38:09,1896,106803.5,142944.5,99.2,20.7,515002,126114,310133
2026-04-28 06:38:14,1896,106803.5,142944.5,99.2,20.7,515002,126381,309810
2026-04-28 06:38:19,1896,106803.5,142944.5,99.2,20.7,515002,126358,309834
2026-04-28 06:38:24,1896,106803.5,142944.5,99.2,20.7,515002,126340,309851
2026-04-28 06:38:29,1896,106803.5,142944.5,99.2,20.7,515002,126314,309933
2026-04-28 06:38:34,1896,106803.5,142944.5,99.2,20.7,515002,126379,309871
2026-04-28 06:38:39,1896,106803.5,142944.5,99.2,20.7,515002,126364,309885
2026-04-28 06:38:44,1896,106803.5,142944.5,99.2,20.7,515002,126351,309898
2026-04-28 06:38:49,1896,106803.5,142944.5,99.2,20.7,515002,126240,310065
2026-04-28 06:38:54,1896,106803.5,142944.5,99.2,20.7,515002,125753,310549
2026-04-28 06:38:59,1896,106803.5,142944.5,99.2,20.7,515002,125851,310317
2026-04-28 06:39:04,1896,106803.5,142944.5,99.2,20.7,515002,125721,310416
2026-04-28 06:39:09,1896,106803.5,142944.5,99.2,20.7,515002,125963,310284
2026-04-28 06:39:14,1896,106803.5,142944.5,99.2,20.7,515002,126194,310016
2026-04-28 06:39:19,1896,106803.5,142944.5,99.2,20.7,515002,126314,309877
2026-04-28 06:39:24,1896,106803.5,142944.5,99.2,20.7,515002,126305,309886
2026-04-28 06:39:30,1896,106803.5,142944.5,99.2,20.7,515002,126288,309903
2026-04-28 06:39:35,1896,106803.5,142944.5,99.2,20.7,515002,126354,309895
2026-04-28 06:39:40,1896,106803.5,142944.5,99.2,20.7,515002,126344,309905
2026-04-28 06:39:45,1896,106803.5,142944.5,99.2,20.7,515002,126346,309903
2026-04-28 06:39:50,1896,106803.5,142944.5,99.2,20.7,515002,126325,309924
2026-04-28 06:39:55,1896,106803.5,142944.5,99.2,20.7,515002,126078,310224
2026-04-28 06:40:00,1896,106803.5,142944.5,99.2,20.7,515002,125807,310435
2026-04-28 06:40:05,1896,106803.5,142944.5,99.2,20.7,515002,125709,310427
2026-04-28 06:40:10,1896,106803.5,142944.5,99.2,20.7,515002,125789,310457
2026-04-28 06:40:15,1896,106803.5,142944.5,99.2,20.7,515002,126025,310221
2026-04-28 06:40:20,1896,106803.5,142944.5,99.2,20.7,515002,126110,310100
2026-04-28 06:40:25,1896,106803.5,142944.5,99.2,20.7,515002,126261,309930
2026-04-28 06:40:30,1896,106803.5,142944.5,99.2,20.7,515002,126238,309953
2026-04-28 06:40:35,1896,106803.5,142944.5,99.2,20.7,515002,126240,309950
2026-04-28 06:40:40,1896,106803.5,142944.5,99.2,20.7,515002,126319,309930
2026-04-28 06:40:45,1896,106803.5,142944.5,99.2,20.7,515002,126304,309944
2026-04-28 06:40:50,1896,106803.5,142944.5,99.2,20.7,515002,126293,309955
2026-04-28 06:40:55,1896,106803.5,142944.5,99.2,20.7,515002,126276,309972
2026-04-28 06:41:00,1896,106803.5,142944.5,99.2,20.7,515002,126161,310141
2026-04-28 06:41:05,1896,106803.5,142944.5,99.2,20.7,515002,125647,310655
2026-04-28 06:41:10,1896,106803.5,142944.5,99.2,20.7,515002,125605,310545
2026-04-28 06:41:15,1896,106803.5,142944.5,99.2,20.7,515002,125584,310552
2026-04-28 06:41:20,1896,106803.5,142944.5,99.2,20.7,515002,125906,310339
2026-04-28 06:41:25,1896,106803.5,142944.5,99.2,20.7,515002,126132,310058
2026-04-28 06:41:30,1896,106803.5,142944.5,99.2,20.7,515002,126269,309921
2026-04-28 06:41:35,1896,106803.5,142944.5,99.2,20.7,515002,126259,309931
2026-04-28 06:41:40,1896,106803.5,142944.5,99.2,20.7,515002,126246,309945
2026-04-28 06:41:45,1896,106803.5,142944.5,99.2,20.7,515002,126318,309930
2026-04-28 06:41:50,1896,106803.5,142944.5,99.2,20.7,515002,126305,309943
2026-04-28 06:41:55,1896,106803.5,142944.5,99.2,20.7,515002,126305,309943
2026-04-28 06:42:00,1896,106803.5,142944.5,99.2,20.7,515002,126185,310118
2026-04-28 06:42:05,1896,106803.5,142944.5,99.2,20.7,515002,125699,310602
2026-04-28 06:42:10,1896,106803.5,142944.5,99.2,20.7,515002,125797,310378
2026-04-28 06:42:15,1896,106803.5,142944.5,99.2,20.7,515002,125798,310337
2026-04-28 06:42:20,1896,106803.5,142944.5,99.2,20.7,515002,125934,310311
2026-04-28 06:42:26,1896,106803.5,142944.5,99.2,20.7,515002,126196,310013
2026-04-28 06:42:31,1896,106803.5,142944.5,99.2,20.7,515002,126300,309890
2026-04-28 06:42:36,1896,106803.5,142944.5,99.2,20.7,515002,126286,309904
2026-04-28 06:42:41,1896,106803.5,142944.5,99.2,20.7,515002,126280,309910
2026-04-28 06:42:46,1896,106803.5,142944.5,99.2,20.7,515002,126323,309925
2026-04-28 06:42:51,1896,106803.5,142944.5,99.2,20.7,515002,126310,309937
2026-04-28 06:42:56,1896,106803.5,142944.5,99.2,20.7,515002,126313,309935
2026-04-28 06:43:01,1896,106803.5,142944.5,99.2,20.7,515002,126302,309945
2026-04-28 06:43:06,1896,106803.5,142944.5,99.2,20.7,515002,125948,310352
2026-04-28 06:43:11,1896,106803.5,142944.5,99.2,20.7,515002,125743,310528
2026-04-28 06:43:16,1896,106803.5,142944.5,99.2,20.7,515002,125678,310456
2026-04-28 06:43:21,1896,106803.5,142944.5,99.2,20.7,515002,125695,310549
2026-04-28 06:43:26,1896,106803.5,142944.5,99.2,20.7,515002,125978,310266
2026-04-28 06:43:31,1896,106803.5,142944.5,99.2,20.7,515002,126245,309944
2026-04-28 06:43:36,1896,106803.5,142944.5,99.2,20.7,515002,126231,309957
2026-04-28 06:43:41,1896,106803.5,142944.5,99.2,20.7,515002,126216,309973
2026-04-28 06:43:46,1896,106803.5,142944.5,99.2,20.7,515002,126212,310024
2026-04-28 06:43:51,1896,106803.5,142944.5,99.2,20.7,515002,126273,309973
2026-04-28 06:43:56,1896,106803.5,142944.5,99.2,20.7,515002,126258,309988
2026-04-28 06:44:01,1896,106803.5,142944.5,99.2,20.7,515002,126250,309996
2026-04-28 06:44:06,1896,106803.5,142944.5,99.2,20.7,515002,126123,310176
2026-04-28 06:44:11,1896,106803.5,142944.5,99.2,20.7,515002,125703,310564
2026-04-28 06:44:16,1896,106803.5,142944.5,99.2,20.7,515002,125721,310413
2026-04-28 06:44:21,1896,106803.5,142944.5,99.2,20.7,515002,125758,310486
2026-04-28 06:44:26,1896,106803.5,142944.5,99.2,20.7,515002,126052,310191
2026-04-28 06:44:31,1896,106803.5,142944.5,99.2,20.7,515002,126227,310006
2026-04-28 06:44:36,1896,106803.5,142944.5,99.2,20.7,515002,126268,309921
2026-04-28 06:44:41,1896,106803.5,142944.5,99.2,20.7,515002,126260,309928
2026-04-28 06:44:46,1896,106803.5,142944.5,99.2,20.7,515002,126257,309931
2026-04-28 06:44:51,1896,106803.5,142944.5,99.2,20.7,515002,126326,309920
2026-04-28 06:44:56,1896,106803.5,142944.5,99.2,20.7,515002,126315,309931
2026-04-28 06:45:01,1896,106803.5,142944.5,99.2,20.7,515002,126307,309940
2026-04-28 06:45:06,1896,106803.5,142944.5,99.2,20.7,515002,126190,310111
2026-04-28 06:45:11,1896,106803.5,142944.5,99.2,20.7,515002,125703,310596
2026-04-28 06:45:17,1896,106803.5,142944.5,99.2,20.7,515002,125716,310466
2026-04-28 06:45:22,1896,106803.5,142944.5,99.2,20.7,515002,125671,310462
2026-04-28 06:45:27,1896,106803.5,142944.5,99.2,20.7,515002,125942,310300
2026-04-28 06:45:32,1896,106803.5,142944.5,99.2,20.7,515002,126082,310161
2026-04-28 06:45:37,1896,106803.5,142944.5,99.2,20.7,515002,126292,309895
2026-04-28 06:45:42,1896,106803.5,142944.5,99.2,20.7,515002,126287,309900
2026-04-28 06:45:47,1896,106803.5,142944.5,99.2,20.7,515002,126288,309899
2026-04-28 06:45:52,1896,106803.5,142944.5,99.2,20.7,515002,126335,309881
2026-04-28 06:45:57,1896,106803.5,142944.5,99.2,20.7,515002,126370,309875
2026-04-28 06:46:02,1896,106803.5,142944.5,99.2,20.7,515002,126352,309893
2026-04-28 06:46:07,1896,106803.5,142944.5,99.2,20.7,515002,126363,309882
2026-04-28 06:46:12,1896,106803.5,142944.5,99.2,20.7,515002,126240,310058
2026-04-28 06:46:17,1896,106803.5,142944.5,99.2,20.7,515002,125870,310373
2026-04-28 06:46:22,1896,106803.5,142944.5,99.2,20.7,515002,125859,310274
2026-04-28 06:46:27,1896,106803.5,142944.5,99.2,20.7,515002,125862,310381
2026-04-28 06:46:32,1896,106803.5,142944.5,99.2,20.7,515002,126152,310090
2026-04-28 06:46:37,1896,106803.5,142944.5,99.2,20.7,515002,126295,309893
2026-04-28 06:46:42,1896,106803.5,142944.5,99.2,20.7,515002,126412,309775
2026-04-28 06:46:47,1896,106803.5,142944.5,99.2,20.7,515002,126399,309789
2026-04-28 06:46:52,1896,106803.5,142944.5,99.2,20.7,515002,126388,309799
2026-04-28 06:46:57,1896,106803.5,142944.5,99.2,20.7,515002,126451,309794
2026-04-28 06:47:02,1896,106803.5,142944.5,99.2,20.7,515002,126425,309820
2026-04-28 06:47:07,1896,106803.5,142944.5,99.2,20.7,515002,126420,309825
2026-04-28 06:47:12,1896,106803.5,142944.5,99.2,20.7,515002,126291,310009
2026-04-28 06:47:17,1896,106803.5,142944.5,99.2,20.7,515002,125788,310511
2026-04-28 06:47:22,1896,106803.5,142944.5,99.2,20.7,515002,125885,310282
2026-04-28 06:47:27,1896,106803.5,142944.5,99.2,20.7,515002,125903,310230
2026-04-28 06:47:32,1896,106803.5,142944.5,99.2,20.7,515002,126008,310234
2026-04-28 06:47:37,1896,106803.5,142944.5,99.2,20.7,515002,126224,310019
2026-04-28 06:47:42,1896,106803.5,142944.5,99.2,20.7,515002,126499,309688
2026-04-28 06:47:47,1896,106803.5,142944.5,99.2,20.7,515002,126495,309692
2026-04-28 06:47:52,1896,106803.5,142944.5,99.2,20.7,515002,126463,309724
2026-04-28 06:47:57,1896,106803.5,142944.5,99.2,20.7,515002,126458,309729
2026-04-28 06:48:02,1896,106803.5,142944.5,99.2,20.7,515002,126535,309710
2026-04-28 06:48:08,1896,106803.5,142944.5,99.2,20.7,515002,126514,309731
2026-04-28 06:48:13,1896,106803.5,142944.5,99.2,20.7,515002,126503,309742
2026-04-28 06:48:18,1896,106803.5,142944.5,99.2,20.7,515002,126391,309909
2026-04-28 06:48:23,1896,106803.5,142944.5,99.2,20.7,515002,125872,310425
2026-04-28 06:48:28,1896,106803.5,142944.5,99.2,20.7,515002,125878,310298
2026-04-28 06:48:33,1896,106803.5,142944.5,99.2,20.7,515002,125779,310351
2026-04-28 06:48:38,1896,106803.5,142944.5,99.2,20.7,515002,125953,310287
2026-04-28 06:48:43,1896,106803.5,142944.5,99.2,20.7,515002,126131,310110
2026-04-28 06:48:48,1896,106803.5,142944.5,99.2,20.7,515002,126337,309848
2026-04-28 06:48:53,1896,106803.5,142944.5,99.2,20.7,515002,126317,309868
2026-04-28 06:48:58,1896,106803.5,142944.5,99.2,20.7,515002,126321,309865
2026-04-28 06:49:03,1896,106803.5,142944.5,99.2,20.7,515002,126296,309934
2026-04-28 06:49:08,1896,106803.5,142944.5,99.2,20.7,515002,126374,309868
2026-04-28 06:49:13,1896,106803.5,142944.5,99.2,20.7,515002,126355,309887
2026-04-28 06:49:18,1896,106803.5,142944.5,99.2,20.7,515002,126344,309899
2026-04-28 06:49:23,1896,106803.5,142944.5,99.2,20.7,515002,126218,310078
2026-04-28 06:49:28,1896,106803.5,142944.5,99.2,20.7,515002,125757,310540
2026-04-28 06:49:33,1896,106803.5,142944.5,99.2,20.7,515002,125844,310300
2026-04-28 06:49:38,1896,106803.5,142944.5,99.2,20.7,515002,125855,310386
2026-04-28 06:49:43,1896,106803.5,142944.5,99.2,20.7,515002,126142,310099
2026-04-28 06:49:48,1896,106803.5,142944.5,99.2,20.7,515002,126313,309889
2026-04-28 06:49:53,1896,106803.5,142944.5,99.2,20.7,515002,126286,309900
2026-04-28 06:49:58,1896,106803.5,142944.5,99.2,20.7,515002,126266,309919
2026-04-28 06:50:03,1896,106803.5,142944.5,99.2,20.7,515002,126233,309953
2026-04-28 06:50:08,1896,106803.5,142944.5,99.2,20.7,515002,126293,309950
2026-04-28 06:50:13,1896,106803.5,142944.5,99.2,20.7,515002,126268,309975
2026-04-28 06:50:18,1896,106803.5,142944.5,99.2,20.7,515002,126266,309977
2026-04-28 06:50:23,1896,106803.5,142944.5,99.2,20.7,515002,126237,310006
2026-04-28 06:50:28,1896,106803.5,142944.5,99.2,20.7,515002,126116,310180
2026-04-28 06:50:33,1896,106803.5,142944.5,99.2,20.7,515002,125628,310668
2026-04-28 06:50:38,1896,106803.5,142944.5,99.2,20.7,515002,125738,310400
2026-04-28 06:50:43,1896,106803.5,142944.5,99.2,20.7,515002,125700,310540
2026-04-28 06:50:48,1896,106803.5,142944.5,99.2,20.7,515002,126020,310220
2026-04-28 06:50:53,1896,106803.5,142944.5,99.2,20.7,515002,126128,310067
2026-04-28 06:50:59,1896,106803.5,142944.5,99.2,20.7,515002,126242,309942
2026-04-28 06:51:04,1896,106803.5,142944.5,99.2,20.7,515002,126243,309942
2026-04-28 06:51:09,1896,106803.5,142944.5,99.2,20.7,515002,126227,309958
2026-04-28 06:51:14,1896,106803.5,142944.5,99.2,20.7,515002,126349,309894
2026-04-28 06:51:19,1896,106803.5,142944.5,99.2,20.7,515002,126346,309896
2026-04-28 06:51:24,1896,106803.5,142944.5,99.2,20.7,515002,126341,309902
2026-04-28 06:51:29,1896,106803.5,142944.5,99.2,20.7,515002,126341,309902
2026-04-28 06:51:34,1896,106803.5,142944.5,99.2,20.7,515002,125738,310559
2026-04-28 06:51:39,1896,106803.5,142944.5,99.2,20.7,515002,125810,310394
2026-04-28 06:51:44,1896,106803.5,142944.5,99.2,20.7,515002,125823,310308
2026-04-28 06:51:49,1896,106803.5,142944.5,99.2,20.7,515002,125904,310336
2026-04-28 06:51:54,1896,106803.5,142944.5,99.2,20.7,515002,126177,310064
2026-04-28 06:51:59,1896,106803.5,142944.5,99.2,20.7,515002,126401,309784
2026-04-28 06:52:04,1896,106803.5,142944.5,99.2,20.7,515002,126390,309795
2026-04-28 06:52:09,1896,106803.5,142944.5,99.2,20.7,515002,126375,309810
2026-04-28 06:52:14,1896,106803.5,142944.5,99.2,20.7,515002,126369,309870
2026-04-28 06:52:19,1896,106803.5,142944.5,99.2,20.7,515002,126439,309804
2026-04-28 06:52:24,1896,106803.5,142944.5,99.2,20.7,515002,126433,309809
2026-04-28 06:52:29,1896,106803.5,142944.5,99.2,20.7,515002,126427,309816
2026-04-28 06:52:34,1896,106803.5,142944.5,99.2,20.7,515002,126305,309993
2026-04-28 06:52:39,1896,106803.5,142944.5,99.2,20.7,515002,125818,310477
2026-04-28 06:52:44,1896,106803.5,142944.5,99.2,20.7,515002,125838,310348
2026-04-28 06:52:49,1896,106803.5,142944.5,99.2,20.7,515002,125985,310169
2026-04-28 06:52:54,1896,106803.5,142944.5,99.2,20.7,515002,126223,309894
2026-04-28 06:52:59,1896,106803.5,142944.5,99.2,20.7,515002,126416,309683
2026-04-28 06:53:04,1896,106803.5,142944.5,99.2,20.7,515002,126405,309693
2026-04-28 06:53:09,1896,106803.5,142944.5,99.2,20.7,515002,126389,309709
2026-04-28 06:53:14,1896,106803.5,142944.5,99.2,20.7,515002,126472,309766
2026-04-28 06:53:19,1896,106803.5,142944.5,99.2,20.7,515002,126466,309772
2026-04-28 06:53:24,1896,106803.5,142944.5,99.2,20.7,515002,126469,309769
2026-04-28 06:53:29,1896,106803.5,142944.5,99.2,20.7,515002,126453,309785
2026-04-28 06:53:34,1896,106803.5,142944.5,99.2,20.7,515002,126346,309945
2026-04-28 06:53:39,1896,106803.5,142944.5,99.2,20.7,515002,125961,310270
2026-04-28 06:53:45,1896,106803.5,142944.5,99.2,20.7,515002,125952,310174
2026-04-28 06:53:50,1896,106803.5,142944.5,99.2,20.7,515002,125969,310267
2026-04-28 06:53:55,1896,106803.5,142944.5,99.2,20.7,515002,126231,310005
2026-04-28 06:54:00,1896,106803.5,142944.5,99.2,20.7,515002,126424,309757
2026-04-28 06:54:05,1896,106803.5,142944.5,99.2,20.7,515002,126431,309750
2026-04-28 06:54:10,1896,106803.5,142944.5,99.2,20.7,515002,126424,309756
2026-04-28 06:54:15,1896,106803.5,142944.5,99.2,20.7,515002,126414,309816
2026-04-28 06:54:20,1896,106803.5,142944.5,99.2,20.7,515002,126452,309787
2026-04-28 06:54:25,1896,106803.5,142944.5,99.2,20.7,515002,126439,309799
2026-04-28 06:54:30,1896,106803.5,142944.5,99.2,20.7,515002,126410,309828
2026-04-28 06:54:35,1896,106803.5,142944.5,99.2,20.7,515002,126302,309991
2026-04-28 06:54:40,1896,106803.5,142944.5,99.2,20.7,515002,125815,310477
2026-04-28 06:54:45,1896,106803.5,142944.5,99.2,20.7,515002,125926,310230
2026-04-28 06:54:50,1896,106803.5,142944.5,99.2,20.7,515002,125943,310182
2026-04-28 06:54:55,1896,106803.5,142944.5,99.2,20.7,515002,126173,310062
2026-04-28 06:55:00,1896,106803.5,142944.5,99.2,20.7,515002,126356,309831
2026-04-28 06:55:05,1896,106803.5,142944.5,99.2,20.7,515002,126463,309717
2026-04-28 06:55:10,1896,106803.5,142944.5,99.2,20.7,515002,126437,309743
2026-04-28 06:55:15,1896,106803.5,142944.5,99.2,20.7,515002,126423,309756
2026-04-28 06:55:20,1896,106803.5,142944.5,99.2,20.7,515002,126537,309701
2026-04-28 06:55:25,1896,106803.5,142944.5,99.2,20.7,515002,126532,309705
2026-04-28 06:55:30,1896,106803.5,142944.5,99.2,20.7,515002,126506,309732
2026-04-28 06:55:35,1896,106803.5,142944.5,99.2,20.7,515002,126496,309797
2026-04-28 06:55:40,1896,106803.5,142944.5,99.2,20.7,515002,125913,310379
2026-04-28 06:55:45,1896,106803.5,142944.5,99.2,20.7,515002,125995,310257
2026-04-28 06:55:50,1896,106803.5,142944.5,99.2,20.7,515002,125823,310303
2026-04-28 06:55:55,1896,106803.5,142944.5,99.2,20.7,515002,125838,310397
2026-04-28 06:56:00,1896,106803.5,142944.5,99.2,20.7,515002,126132,310103
2026-04-28 06:56:05,1896,106803.5,142944.5,99.2,20.7,515002,126387,309793
2026-04-28 06:56:10,1896,106803.5,142944.5,99.2,20.7,515002,126366,309814
2026-04-28 06:56:15,1896,106803.5,142944.5,99.2,20.7,515002,126335,309845
2026-04-28 06:56:20,1896,106803.5,142944.5,99.2,20.7,515002,126321,309858
2026-04-28 06:56:25,1896,106803.5,142944.5,99.2,20.7,515002,126435,309745
2026-04-28 06:56:30,1896,106803.5,142944.5,99.2,20.7,515002,126378,309859
2026-04-28 06:56:36,1896,106803.5,142944.5,99.2,20.7,515002,126357,309881
2026-04-28 06:56:41,1896,106803.5,142944.5,99.2,20.7,515002,126354,309883
2026-04-28 06:56:46,1896,106803.5,142944.5,99.2,20.7,515002,126200,310092
2026-04-28 06:56:51,1896,106803.5,142944.5,99.2,20.7,515002,125696,310595
2026-04-28 06:56:56,1896,106803.5,142944.5,99.2,20.7,515002,125839,310304
2026-04-28 06:57:01,1896,106803.5,142944.5,99.2,20.7,515002,125811,310314
2026-04-28 06:57:06,1896,106803.5,142944.5,99.2,20.7,515002,126092,310144
2026-04-28 06:57:11,1896,106803.5,142944.5,99.2,20.7,515002,126298,309926
2026-04-28 06:57:16,1896,106803.5,142944.5,99.2,20.7,515002,126314,309866
2026-04-28 06:57:21,1896,106803.5,142944.5,99.2,20.7,515002,126303,309877
2026-04-28 06:57:26,1896,106803.5,142944.5,99.2,20.7,515002,126288,309892
2026-04-28 06:57:31,1896,106803.5,142944.5,99.2,20.7,515002,126342,309896
2026-04-28 06:57:36,1896,106803.5,142944.5,99.2,20.7,515002,126345,309893
2026-04-28 06:57:41,1896,106803.5,142944.5,99.2,20.7,515002,126336,309902
2026-04-28 06:57:46,1896,106803.5,142944.5,99.2,20.7,515002,126329,309909
2026-04-28 06:57:51,1896,106803.5,142944.5,99.2,20.7,515002,125728,310561
2026-04-28 06:57:56,1896,106803.5,142944.5,99.2,20.7,515002,125871,310308
2026-04-28 06:58:01,1896,106803.5,142944.5,99.2,20.7,515002,125875,310248
2026-04-28 06:58:06,1896,106803.5,142944.5,99.2,20.7,515002,125953,310279
2026-04-28 06:58:11,1896,106803.5,142944.5,99.2,20.7,515002,126238,309990
2026-04-28 06:58:16,1896,106803.5,142944.5,99.2,20.7,515002,126424,309753
2026-04-28 06:58:21,1896,106803.5,142944.5,99.2,20.7,515002,126412,309765
2026-04-28 06:58:26,1896,106803.5,142944.5,99.2,20.7,515002,126402,309776
2026-04-28 06:58:31,1896,106803.5,142944.5,99.2,20.7,515002,126425,309778
2026-04-28 06:58:36,1896,106803.5,142944.5,99.2,20.7,515002,126469,309766
2026-04-28 06:58:41,1896,106803.5,142944.5,99.2,20.7,515002,126456,309779
2026-04-28 06:58:46,1896,106803.5,142944.5,99.2,20.7,515002,126443,309792
2026-04-28 06:58:51,1896,106803.5,142944.5,99.2,20.7,515002,126315,309973
2026-04-28 06:58:56,1896,106803.5,142944.5,99.2,20.7,515002,125820,310468
2026-04-28 06:59:01,1896,106803.5,142944.5,99.2,20.7,515002,125884,310237
2026-04-28 06:59:06,1896,106803.5,142944.5,99.2,20.7,515002,125875,310247
2026-04-28 06:59:11,1896,106803.5,142944.5,99.2,20.7,515002,126167,310065
2026-04-28 06:59:16,1896,106803.5,142944.5,99.2,20.7,515002,126306,309871
2026-04-28 06:59:21,1896,106803.5,142944.5,99.2,20.7,515002,126367,309809
2026-04-28 06:59:27,1896,106803.5,142944.5,99.2,20.7,515002,126333,309843
2026-04-28 06:59:32,1896,106803.5,142944.5,99.2,20.7,515002,126306,309870
2026-04-28 06:59:37,1896,106803.5,142944.5,99.2,20.7,515002,126407,309827
2026-04-28 06:59:42,1896,106803.5,142944.5,99.2,20.7,515002,126393,309841
2026-04-28 06:59:47,1896,106803.5,142944.5,99.2,20.7,515002,126381,309853
2026-04-28 06:59:52,1896,106803.5,142944.5,99.2,20.7,515002,126367,309867
2026-04-28 06:59:57,1896,106803.5,142944.5,99.2,20.7,515002,125771,310517
2026-04-28 07:00:02,1896,106803.5,142944.5,99.2,20.7,515002,125764,310524
2026-04-28 07:00:07,1896,106803.5,142944.5,99.2,20.7,515002,125787,310391
2026-04-28 07:00:12,1896,106803.5,142944.5,99.2,20.7,515002,125787,310335
2026-04-28 07:00:17,1896,106803.5,142944.5,99.2,20.7,515002,125799,310323
2026-04-28 07:00:22,1896,106803.5,142944.5,99.2,20.7,515002,126108,310124
2026-04-28 07:00:27,1896,106803.5,142944.5,99.2,20.7,515002,126242,309945
2026-04-28 07:00:32,1896,106803.5,142944.5,99.2,20.7,515002,126361,309816
2026-04-28 07:00:37,1896,106803.5,142944.5,99.2,20.7,515002,126350,309826
2026-04-28 07:00:42,1896,106803.5,142944.5,99.2,20.7,515002,126324,309852
2026-04-28 07:00:47,1896,106803.5,142944.5,99.2,20.7,515002,126401,309833
2026-04-28 07:00:52,1896,106803.5,142944.5,99.2,20.7,515002,126385,309849
2026-04-28 07:00:57,1896,106803.5,142944.5,99.2,20.7,515002,126373,309861
2026-04-28 07:01:02,1896,106803.5,142944.5,99.2,20.7,515002,126358,309876
2026-04-28 07:01:07,1896,106803.5,142944.5,99.2,20.7,515002,125765,310522
2026-04-28 07:01:12,1896,106803.5,142944.5,99.2,20.7,515002,125881,310297
2026-04-28 07:01:17,1896,106803.5,142944.5,99.2,20.7,515002,125915,310207
2026-04-28 07:01:22,1896,106803.5,142944.5,99.2,20.7,515002,125942,310290
2026-04-28 07:01:27,1896,106803.5,142944.5,99.2,20.7,515002,126221,310010
2026-04-28 07:01:32,1896,106803.5,142944.5,99.2,20.7,515002,126457,309720
2026-04-28 07:01:37,1896,106803.5,142944.5,99.2,20.7,515002,126459,309718
2026-04-28 07:01:42,1896,106803.5,142944.5,99.2,20.7,515002,126453,309723
2026-04-28 07:01:47,1896,106803.5,142944.5,99.2,20.7,515002,126426,309750
2026-04-28 07:01:52,1896,106803.5,142944.5,99.2,20.7,515002,126478,309756
2026-04-28 07:01:57,1896,106803.5,142944.5,99.2,20.7,515002,126469,309764
2026-04-28 07:02:02,1896,106803.5,142944.5,99.2,20.7,515002,126448,309785
2026-04-28 07:02:07,1896,106803.5,142944.5,99.2,20.7,515002,126306,309982
2026-04-28 07:02:12,1896,106803.5,142944.5,99.2,20.7,515002,125808,310480
2026-04-28 07:02:18,1896,106803.5,142944.5,99.2,20.7,515002,125816,310349
2026-04-28 07:02:23,1896,106803.5,142944.5,99.2,20.7,515002,125836,310287
2026-04-28 07:02:28,1896,106803.5,142944.5,99.2,20.7,515002,126136,310096
2026-04-28 07:02:33,1896,106803.5,142944.5,99.2,20.7,515002,126220,309987
2026-04-28 07:02:38,1896,106803.5,142944.5,99.2,20.7,515002,126397,309780
2026-04-28 07:02:43,1896,106803.5,142944.5,99.2,20.7,515002,126374,309803
2026-04-28 07:02:48,1896,106803.5,142944.5,99.2,20.7,515002,126351,309825
2026-04-28 07:02:53,1896,106803.5,142944.5,99.2,20.7,515002,126417,309765
2026-04-28 07:02:58,1896,106803.5,142944.5,99.2,20.7,515002,126360,309874
2026-04-28 07:03:03,1896,106803.5,142944.5,99.2,20.7,515002,126341,309893
2026-04-28 07:03:08,1896,106803.5,142944.5,99.2,20.7,515002,126347,309887
2026-04-28 07:03:13,1896,106803.5,142944.5,99.2,20.7,515002,126228,310061
2026-04-28 07:03:18,1896,106803.5,142944.5,99.2,20.7,515002,126227,310060
2026-04-28 07:03:23,1896,106803.5,142944.5,99.2,20.7,515002,125749,310428
2026-04-28 07:03:28,1896,106803.5,142944.5,99.2,20.7,515002,125712,310410
2026-04-28 07:03:33,1896,106803.5,142944.5,99.2,20.7,515002,125788,310444
2026-04-28 07:03:38,1896,106803.5,142944.5,99.2,20.7,515002,126068,310164
2026-04-28 07:03:43,1896,106803.5,142944.5,99.2,20.7,515002,126252,309925
2026-04-28 07:03:48,1896,106803.5,142944.5,99.2,20.7,515002,126245,309931
2026-04-28 07:03:53,1896,106803.5,142944.5,99.2,20.7,515002,126233,309944
2026-04-28 07:03:58,1896,106803.5,142944.5,99.2,20.7,515002,126258,309944
2026-04-28 07:04:03,1896,106803.5,142944.5,99.2,20.7,515002,126290,309944
2026-04-28 07:04:08,1896,106803.5,142944.5,99.2,20.7,515002,126289,309945
2026-04-28 07:04:13,1896,106803.5,142944.5,99.2,20.7,515002,126279,309955
2026-04-28 07:04:18,1896,106803.5,142944.5,99.2,20.7,515002,126148,310141
2026-04-28 07:04:23,1896,106803.5,142944.5,99.2,20.7,515002,125668,310619
2026-04-28 07:04:28,1896,106803.5,142944.5,99.2,20.7,515002,125771,310359
2026-04-28 07:04:33,1896,106803.5,142944.5,99.2,20.7,515002,125774,310348
2026-04-28 07:04:38,1896,106803.5,142944.5,99.2,20.7,515002,126087,310145
2026-04-28 07:04:43,1896,106803.5,142944.5,99.2,20.7,515002,126116,310060
2026-04-28 07:04:48,1896,106803.5,142944.5,99.2,20.7,515002,126262,309914
2026-04-28 07:04:53,1896,106803.5,142944.5,99.2,20.7,515002,126257,309920
2026-04-28 07:04:58,1896,106803.5,142944.5,99.2,20.7,515002,126244,309933
2026-04-28 07:05:03,1896,106803.5,142944.5,99.2,20.7,515002,126309,309920
2026-04-28 07:05:09,1896,106803.5,142944.5,99.2,20.7,515002,126287,309942
2026-04-28 07:05:14,1896,106803.5,142944.5,99.2,20.7,515002,126260,309969
2026-04-28 07:05:19,1896,106803.5,142944.5,99.2,20.7,515002,126236,309993
2026-04-28 07:05:24,1896,106803.5,142944.5,99.2,20.7,515002,125822,310460
2026-04-28 07:05:29,1896,106803.5,142944.5,99.2,20.7,515002,125764,310409
2026-04-28 07:05:34,1896,106803.5,142944.5,99.2,20.7,515002,125754,310363
2026-04-28 07:05:39,1896,106803.5,142944.5,99.2,20.7,515002,125850,310377
2026-04-28 07:05:44,1896,106803.5,142944.5,99.2,20.7,515002,126133,310089
2026-04-28 07:05:49,1896,106803.5,142944.5,99.2,20.7,515002,126342,309829
2026-04-28 07:05:54,1896,106803.5,142944.5,99.2,20.7,515002,126347,309824
2026-04-28 07:05:59,1896,106803.5,142944.5,99.2,20.7,515002,126335,309836
2026-04-28 07:06:04,1896,106803.5,142944.5,99.2,20.7,515002,126351,309846
2026-04-28 07:06:09,1896,106803.5,142944.5,99.2,20.7,515002,126393,309836
2026-04-28 07:06:14,1896,106803.5,142944.5,99.2,20.7,515002,126396,309833
2026-04-28 07:06:19,1896,106803.5,142944.5,99.2,20.7,515002,126376,309853
2026-04-28 07:06:24,1896,106803.5,142944.5,99.2,20.7,515002,126254,310028
2026-04-28 07:06:29,1896,106803.5,142944.5,99.2,20.7,515002,125774,310508
2026-04-28 07:06:34,1896,106803.5,142944.5,99.2,20.7,515002,125817,310299
2026-04-28 07:06:39,1896,106803.5,142944.5,99.2,20.7,515002,125839,310387
2026-04-28 07:06:44,1896,106803.5,142944.5,99.2,20.7,515002,126152,310074
2026-04-28 07:06:49,1896,106803.5,142944.5,99.2,20.7,515002,126292,309878
2026-04-28 07:06:54,1896,106803.5,142944.5,99.2,20.7,515002,126406,309765
2026-04-28 07:06:59,1896,106803.5,142944.5,99.2,20.7,515002,126395,309776
2026-04-28 07:07:04,1896,106803.5,142944.5,99.2,20.7,515002,126381,309782
2026-04-28 07:07:09,1896,106803.5,142944.5,99.2,20.7,515002,126437,309789
2026-04-28 07:07:14,1896,106803.5,142944.5,99.2,20.7,515002,126433,309793
2026-04-28 07:07:19,1896,106803.5,142944.5,99.2,20.7,515002,126425,309800
2026-04-28 07:07:24,1896,106803.5,142944.5,99.2,20.7,515002,126411,309815
2026-04-28 07:07:29,1896,106803.5,142944.5,99.2,20.7,515002,126204,310075
2026-04-28 07:07:34,1896,106803.5,142944.5,99.2,20.7,515002,125819,310344
2026-04-28 07:07:39,1896,106803.5,142944.5,99.2,20.7,515002,125674,310438
2026-04-28 07:07:44,1896,106803.5,142944.5,99.2,20.7,515002,125809,310413
2026-04-28 07:07:49,1896,106803.5,142944.5,99.2,20.7,515002,126014,310204
2026-04-28 07:07:54,1896,106803.5,142944.5,99.2,20.7,515002,126208,309959
2026-04-28 07:08:00,1896,106803.5,142944.5,99.2,20.7,515002,126190,309977
2026-04-28 07:08:05,1896,106803.5,142944.5,99.2,20.7,515002,126185,309982
2026-04-28 07:08:10,1896,106803.5,142944.5,99.2,20.7,515002,126255,309932
2026-04-28 07:08:15,1896,106803.5,142944.5,99.2,20.7,515002,126273,309947
2026-04-28 07:08:20,1896,106803.5,142944.5,99.2,20.7,515002,126247,309972
2026-04-28 07:08:25,1896,106803.5,142944.5,99.2,20.7,515002,126253,309966
2026-04-28 07:08:30,1896,106803.5,142944.5,99.2,20.7,515002,126139,310133
2026-04-28 07:08:35,1896,106803.5,142944.5,99.2,20.7,515002,125659,310613
2026-04-28 07:08:40,1896,106803.5,142944.5,99.2,20.7,515002,125783,310324
2026-04-28 07:08:45,1896,106803.5,142944.5,99.2,20.7,515002,125803,310413
2026-04-28 07:08:50,1896,106803.5,142944.5,99.2,20.7,515002,126113,310104
2026-04-28 07:08:55,1896,106803.5,142944.5,99.2,20.7,515002,126315,309846
2026-04-28 07:09:00,1896,106803.5,142944.5,99.2,20.7,515002,126305,309856
2026-04-28 07:09:05,1896,106803.5,142944.5,99.2,20.7,515002,126292,309869
2026-04-28 07:09:10,1896,106803.5,142944.5,99.2,20.7,515002,126290,309871
2026-04-28 07:09:15,1896,106803.5,142944.5,99.2,20.7,515002,126380,309839
2026-04-28 07:09:20,1896,106803.5,142944.5,99.2,20.7,515002,126359,309859
2026-04-28 07:09:25,1896,106803.5,142944.5,99.2,20.7,515002,126357,309862
2026-04-28 07:09:30,1896,106803.5,142944.5,99.2,20.7,515002,126219,310055
2026-04-28 07:09:35,1896,106803.5,142944.5,99.2,20.7,515002,125742,310530
2026-04-28 07:09:40,1896,106803.5,142944.5,99.2,20.7,515002,125860,310285
2026-04-28 07:09:45,1896,106803.5,142944.5,99.2,20.7,515002,125697,310410
2026-04-28 07:09:50,1896,106803.5,142944.5,99.2,20.7,515002,125916,310300
2026-04-28 07:09:55,1896,106803.5,142944.5,99.2,20.7,515002,126114,310055
2026-04-28 07:10:00,1896,106803.5,142944.5,99.2,20.7,515002,126216,309945
2026-04-28 07:10:05,1896,106803.5,142944.5,99.2,20.7,515002,126224,309937
2026-04-28 07:10:10,1896,106803.5,142944.5,99.2,20.7,515002,126210,309951
2026-04-28 07:10:15,1896,106803.5,142944.5,99.2,20.7,515002,126301,309869
2026-04-28 07:10:20,1896,106803.5,142944.5,99.2,20.7,515002,126266,309953
2026-04-28 07:10:25,1896,106803.5,142944.5,99.2,20.7,515002,126253,309965
2026-04-28 07:10:30,1896,106803.5,142944.5,99.2,20.7,515002,126251,309967
2026-04-28 07:10:35,1896,106803.5,142944.5,99.2,20.7,515002,126132,310137
2026-04-28 07:10:40,1896,106803.5,142944.5,99.2,20.7,515002,125654,310611
2026-04-28 07:10:46,1896,106803.5,142944.5,99.2,20.7,515002,125649,310455
2026-04-28 07:10:51,1896,106803.5,142944.5,99.2,20.7,515002,125664,310549
2026-04-28 07:10:56,1896,106803.5,142944.5,99.2,20.7,515002,125951,310262
2026-04-28 07:11:01,1896,106803.5,142944.5,99.2,20.7,515002,126159,310047
2026-04-28 07:11:06,1896,106803.5,142944.5,99.2,20.7,515002,126169,309989
2026-04-28 07:11:11,1896,106803.5,142944.5,99.2,20.7,515002,126163,309994
2026-04-28 07:11:16,1896,106803.5,142944.5,99.2,20.7,515002,126151,310007
2026-04-28 07:11:21,1896,106803.5,142944.5,99.2,20.7,515002,126232,309989
2026-04-28 07:11:26,1896,106803.5,142944.5,99.2,20.7,515002,126236,309984
2026-04-28 07:11:31,1896,106803.5,142944.5,99.2,20.7,515002,126230,309991
2026-04-28 07:11:36,1896,106803.5,142944.5,99.2,20.7,515002,126235,309985
2026-04-28 07:11:41,1896,106803.5,142944.5,99.2,20.7,515002,126008,310266
2026-04-28 07:11:46,1896,106803.5,142944.5,99.2,20.7,515002,125621,310653
2026-04-28 07:11:51,1896,106803.5,142944.5,99.2,20.7,515002,125725,310391
2026-04-28 07:11:56,1896,106803.5,142944.5,99.2,20.7,515002,125679,310430
2026-04-28 07:12:01,1896,106803.5,142944.5,99.2,20.7,515002,126036,310182
2026-04-28 07:12:06,1896,106803.5,142944.5,99.2,20.7,515002,126085,310133
2026-04-28 07:12:11,1896,106803.5,142944.5,99.2,20.7,515002,126304,309860
2026-04-28 07:12:16,1896,106803.5,142944.5,99.2,20.7,515002,126291,309872
2026-04-28 07:12:21,1896,106803.5,142944.5,99.2,20.7,515002,126286,309877
2026-04-28 07:12:26,1896,106803.5,142944.5,99.2,20.7,515002,126269,309949
2026-04-28 07:12:31,1896,106803.5,142944.5,99.2,20.7,515002,126331,309890
2026-04-28 07:12:36,1896,106803.5,142944.5,99.2,20.7,515002,126316,309905
2026-04-28 07:12:41,1896,106803.5,142944.5,99.2,20.7,515002,126301,309920
2026-04-28 07:12:46,1896,106803.5,142944.5,99.2,20.7,515002,126196,310078
2026-04-28 07:12:51,1896,106803.5,142944.5,99.2,20.7,515002,125713,310561
2026-04-28 07:12:56,1896,106803.5,142944.5,99.2,20.7,515002,125836,310273
2026-04-28 07:13:01,1896,106803.5,142944.5,99.2,20.7,515002,125831,310388
2026-04-28 07:13:06,1896,106803.5,142944.5,99.2,20.7,515002,126144,310075
2026-04-28 07:13:11,1896,106803.5,142944.5,99.2,20.7,515002,126367,309831
2026-04-28 07:13:16,1896,106803.5,142944.5,99.2,20.7,515002,126368,309795
2026-04-28 07:13:21,1896,106803.5,142944.5,99.2,20.7,515002,126354,309810
2026-04-28 07:13:26,1896,106803.5,142944.5,99.2,20.7,515002,126359,309804
2026-04-28 07:13:31,1896,106803.5,142944.5,99.2,20.7,515002,126428,309787
2026-04-28 07:13:37,1896,106803.5,142944.5,99.2,20.7,515002,126431,309785
2026-04-28 07:13:42,1896,106803.5,142944.5,99.2,20.7,515002,126416,309800
2026-04-28 07:13:47,1896,106803.5,142944.5,99.2,20.7,515002,126297,309973
2026-04-28 07:13:52,1896,106803.5,142944.5,99.2,20.7,515002,125817,310452
2026-04-28 07:13:57,1896,106803.5,142944.5,99.2,20.7,515002,125865,310294
2026-04-28 07:14:02,1896,106803.5,142944.5,99.2,20.7,515002,125825,310278
2026-04-28 07:14:07,1896,106803.5,142944.5,99.2,20.7,515002,126015,310198
2026-04-28 07:14:12,1896,106803.5,142944.5,99.2,20.7,515002,126166,310034
2026-04-28 07:14:17,1896,106803.5,142944.5,99.2,20.7,515002,126381,309777
2026-04-28 07:14:22,1896,106803.5,142944.5,99.2,20.7,515002,126373,309785
2026-04-28 07:14:27,1896,106803.5,142944.5,99.2,20.7,515002,126368,309789
2026-04-28 07:14:32,1896,106803.5,142944.5,99.2,20.7,515002,126386,309796
2026-04-28 07:14:37,1896,106803.5,142944.5,99.2,20.7,515002,126394,309822
2026-04-28 07:14:42,1896,106803.5,142944.5,99.2,20.7,515002,126381,309835
2026-04-28 07:14:47,1896,106803.5,142944.5,99.2,20.7,515002,126364,309852
2026-04-28 07:14:52,1896,106803.5,142944.5,99.2,20.7,515002,126234,310033
2026-04-28 07:14:57,1896,106803.5,142944.5,99.2,20.7,515002,125746,310521
2026-04-28 07:15:02,1896,106803.5,142944.5,99.2,20.7,515002,125688,310414
2026-04-28 07:15:07,1896,106803.5,142944.5,99.2,20.7,515002,125703,310509
2026-04-28 07:15:12,1896,106803.5,142944.5,99.2,20.7,515002,126000,310212
2026-04-28 07:15:17,1896,106803.5,142944.5,99.2,20.7,515002,126224,309982
2026-04-28 07:15:22,1896,106803.5,142944.5,99.2,20.7,515002,126245,309911
2026-04-28 07:15:27,1896,106803.5,142944.5,99.2,20.7,515002,126252,309905
2026-04-28 07:15:32,1896,106803.5,142944.5,99.2,20.7,515002,126225,309931
2026-04-28 07:15:37,1896,106803.5,142944.5,99.2,20.7,515002,126248,309966
2026-04-28 07:15:42,1896,106803.5,142944.5,99.2,20.7,515002,126230,309984
2026-04-28 07:15:47,1896,106803.5,142944.5,99.2,20.7,515002,126220,309994
2026-04-28 07:15:52,1896,106803.5,142944.5,99.2,20.7,515002,126103,310166
2026-04-28 07:15:57,1896,106803.5,142944.5,99.2,20.7,515002,125633,310635
2026-04-28 07:16:02,1896,106803.5,142944.5,99.2,20.7,515002,125630,310523
2026-04-28 07:16:07,1896,106803.5,142944.5,99.2,20.7,515002,125586,310516
2026-04-28 07:16:12,1896,106803.5,142944.5,99.2,20.7,515002,125868,310343
2026-04-28 07:16:17,1896,106803.5,142944.5,99.2,20.7,515002,126007,310167
2026-04-28 07:16:22,1896,106803.5,142944.5,99.2,20.7,515002,126179,309977
2026-04-28 07:16:28,1896,106803.5,142944.5,99.2,20.7,515002,126161,309995
2026-04-28 07:16:33,1896,106803.5,142944.5,99.2,20.7,515002,126128,310028
2026-04-28 07:16:38,1896,106803.5,142944.5,99.2,20.7,515002,126190,310024
2026-04-28 07:16:43,1896,106803.5,142944.5,99.2,20.7,515002,126166,310047
2026-04-28 07:16:48,1896,106803.5,142944.5,99.2,20.7,515002,126168,310045
2026-04-28 07:16:53,1896,106803.5,142944.5,99.2,20.7,515002,126158,310056
2026-04-28 07:16:58,1896,106803.5,142944.5,99.2,20.7,515002,126029,310238
2026-04-28 07:17:03,1896,106803.5,142944.5,99.2,20.7,515002,125551,310716
2026-04-28 07:17:08,1896,106803.5,142944.5,99.2,20.7,515002,125644,310457
2026-04-28 07:17:13,1896,106803.5,142944.5,99.2,20.7,515002,125641,310570
2026-04-28 07:17:18,1896,106803.5,142944.5,99.2,20.7,515002,125968,310243
2026-04-28 07:17:23,1896,106803.5,142944.5,99.2,20.7,515002,126218,309937
2026-04-28 07:17:28,1896,106803.5,142944.5,99.2,20.7,515002,126210,309946
2026-04-28 07:17:33,1896,106803.5,142944.5,99.2,20.7,515002,126198,309958
2026-04-28 07:17:38,1896,106803.5,142944.5,99.2,20.7,515002,126204,309952
2026-04-28 07:17:43,1896,106803.5,142944.5,99.2,20.7,515002,126259,309954
2026-04-28 07:17:48,1896,106803.5,142944.5,99.2,20.7,515002,126245,309968
2026-04-28 07:17:53,1896,106803.5,142944.5,99.2,20.7,515002,126228,309985
2026-04-28 07:17:58,1896,106803.5,142944.5,99.2,20.7,515002,126101,310167
2026-04-28 07:18:03,1896,106803.5,142944.5,99.2,20.7,515002,125600,310666
2026-04-28 07:18:08,1896,106803.5,142944.5,99.2,20.7,515002,125702,310436
2026-04-28 07:18:13,1896,106803.5,142944.5,99.2,20.7,515002,125714,310385
2026-04-28 07:18:18,1896,106803.5,142944.5,99.2,20.7,515002,126020,310189
2026-04-28 07:18:23,1896,106803.5,142944.5,99.2,20.7,515002,126076,310121
2026-04-28 07:18:28,1896,106803.5,142944.5,99.2,20.7,515002,126297,309857
2026-04-28 07:18:33,1896,106803.5,142944.5,99.2,20.7,515002,126284,309870
2026-04-28 07:18:38,1896,106803.5,142944.5,99.2,20.7,515002,126277,309877
2026-04-28 07:18:43,1896,106803.5,142944.5,99.2,20.7,515002,126308,309859
2026-04-28 07:18:48,1896,106803.5,142944.5,99.2,20.7,515002,126346,309871
2026-04-28 07:18:53,1896,106803.5,142944.5,99.2,20.7,515002,126332,309884
2026-04-28 07:18:58,1896,106803.5,142944.5,99.2,20.7,515002,126345,309871
2026-04-28 07:19:03,1896,106803.5,142944.5,99.2,20.7,515002,126128,310141
2026-04-28 07:19:08,1896,106803.5,142944.5,99.2,20.7,515002,125872,310288
2026-04-28 07:19:13,1896,106803.5,142944.5,99.2,20.7,515002,125909,310195
2026-04-28 07:19:19,1896,106803.5,142944.5,99.2,20.7,515002,126008,310206
2026-04-28 07:19:24,1896,106803.5,142944.5,99.2,20.7,515002,126243,309946
2026-04-28 07:19:29,1896,106803.5,142944.5,99.2,20.7,515002,126454,309704
2026-04-28 07:19:34,1896,106803.5,142944.5,99.2,20.7,515002,126429,309730
2026-04-28 07:19:39,1896,106803.5,142944.5,99.2,20.7,515002,126413,309746
2026-04-28 07:19:44,1896,106803.5,142944.5,99.2,20.7,515002,126477,309739
2026-04-28 07:19:49,1896,106803.5,142944.5,99.2,20.7,515002,126461,309755
2026-04-28 07:19:54,1896,106803.5,142944.5,99.2,20.7,515002,126448,309768
2026-04-28 07:19:59,1896,106803.5,142944.5,99.2,20.7,515002,126422,309794
2026-04-28 07:20:04,1896,106803.5,142944.5,99.2,20.7,515002,126298,309970
2026-04-28 07:20:09,1896,106803.5,142944.5,99.2,20.7,515002,125964,310216
2026-04-28 07:20:14,1896,106803.5,142944.5,99.2,20.7,515002,125912,310191
2026-04-28 07:20:19,1896,106803.5,142944.5,99.2,20.7,515002,125967,310246
2026-04-28 07:20:24,1896,106803.5,142944.5,99.2,20.7,515002,126213,309999
2026-04-28 07:20:29,1896,106803.5,142944.5,99.2,20.7,515002,126423,309735
2026-04-28 07:20:34,1896,106803.5,142944.5,99.2,20.7,515002,126409,309748
2026-04-28 07:20:39,1896,106803.5,142944.5,99.2,20.7,515002,126376,309781
2026-04-28 07:20:44,1896,106803.5,142944.5,99.2,20.7,515002,126335,309822
2026-04-28 07:20:49,1896,106803.5,142944.5,99.2,20.7,515002,126419,309796
2026-04-28 07:20:54,1896,106803.5,142944.5,99.2,20.7,515002,126414,309801
2026-04-28 07:20:59,1896,106803.5,142944.5,99.2,20.7,515002,126386,309829
2026-04-28 07:21:04,1896,106803.5,142944.5,99.2,20.7,515002,126269,310001
2026-04-28 07:21:09,1896,106803.5,142944.5,99.2,20.7,515002,125785,310483
2026-04-28 07:21:14,1896,106803.5,142944.5,99.2,20.7,515002,125856,310285
2026-04-28 07:21:19,1896,106803.5,142944.5,99.2,20.7,515002,125879,310223
2026-04-28 07:21:24,1896,106803.5,142944.5,99.2,20.7,515002,126159,310053
2026-04-28 07:21:29,1896,106803.5,142944.5,99.2,20.7,515002,126152,310059
2026-04-28 07:21:34,1896,106803.5,142944.5,99.2,20.7,515002,126381,309783
2026-04-28 07:21:39,1896,106803.5,142944.5,99.2,20.7,515002,126361,309795
2026-04-28 07:21:44,1896,106803.5,142944.5,99.2,20.7,515002,126340,309816
2026-04-28 07:21:49,1896,106803.5,142944.5,99.2,20.7,515002,126314,309842
2026-04-28 07:21:54,1896,106803.5,142944.5,99.2,20.7,515002,126384,309830
2026-04-28 07:21:59,1896,106803.5,142944.5,99.2,20.7,515002,126372,309842
2026-04-28 07:22:04,1896,106803.5,142944.5,99.2,20.7,515002,126363,309851
2026-04-28 07:22:09,1896,106803.5,142944.5,99.2,20.7,515002,126234,310035
2026-04-28 07:22:15,1896,106803.5,142944.5,99.2,20.7,515002,125754,310513
2026-04-28 07:22:20,1896,106803.5,142944.5,99.2,20.7,515002,125874,310240
2026-04-28 07:22:25,1896,106803.5,142944.5,99.2,20.7,515002,125860,310352
2026-04-28 07:22:30,1896,106803.5,142944.5,99.2,20.7,515002,126165,310047
2026-04-28 07:22:35,1896,106803.5,142944.5,99.2,20.7,515002,126462,309694
2026-04-28 07:22:40,1896,106803.5,142944.5,99.2,20.7,515002,126438,309719
2026-04-28 07:22:45,1896,106803.5,142944.5,99.2,20.7,515002,126433,309723
2026-04-28 07:22:50,1896,106803.5,142944.5,99.2,20.7,515002,126421,309736
2026-04-28 07:22:55,1896,106803.5,142944.5,99.2,20.7,515002,126391,309823
2026-04-28 07:23:00,1896,106803.5,142944.5,99.2,20.7,515002,126386,309828
2026-04-28 07:23:05,1896,106803.5,142944.5,99.2,20.7,515002,126379,309835
2026-04-28 07:23:10,1896,106803.5,142944.5,99.2,20.7,515002,126259,310009
2026-04-28 07:23:15,1896,106803.5,142944.5,99.2,20.7,515002,125777,310489
2026-04-28 07:23:20,1896,106803.5,142944.5,99.2,20.7,515002,125847,310308
2026-04-28 07:23:25,1896,106803.5,142944.5,99.2,20.7,515002,125823,310276
2026-04-28 07:23:30,1896,106803.5,142944.5,99.2,20.7,515002,126031,310178
2026-04-28 07:23:35,1896,106803.5,142944.5,99.2,20.7,515002,126252,309909
2026-04-28 07:23:40,1896,106803.5,142944.5,99.2,20.7,515002,126331,309823
2026-04-28 07:23:45,1896,106803.5,142944.5,99.2,20.7,515002,126328,309826
2026-04-28 07:23:50,1896,106803.5,142944.5,99.2,20.7,515002,126288,309865
2026-04-28 07:23:55,1896,106803.5,142944.5,99.2,20.7,515002,126380,309831
2026-04-28 07:24:00,1896,106803.5,142944.5,99.2,20.7,515002,126357,309854
2026-04-28 07:24:05,1896,106803.5,142944.5,99.2,20.7,515002,126354,309857
2026-04-28 07:24:10,1896,106803.5,142944.5,99.2,20.7,515002,126323,309888
2026-04-28 07:24:15,1896,106803.5,142944.5,99.2,20.7,515002,126106,310159
2026-04-28 07:24:20,1896,106803.5,142944.5,99.2,20.7,515002,125729,310536
2026-04-28 07:24:25,1896,106803.5,142944.5,99.2,20.7,515002,125842,310263
2026-04-28 07:24:30,1896,106803.5,142944.5,99.2,20.7,515002,125814,310396
2026-04-28 07:24:35,1896,106803.5,142944.5,99.2,20.7,515002,126080,310130
2026-04-28 07:24:40,1896,106803.5,142944.5,99.2,20.7,515002,126206,309974
2026-04-28 07:24:45,1896,106803.5,142944.5,99.2,20.7,515002,126387,309768
2026-04-28 07:24:50,1896,106803.5,142944.5,99.2,20.7,515002,126379,309775
2026-04-28 07:24:55,1896,106803.5,142944.5,99.2,20.7,515002,126368,309787
2026-04-28 07:25:00,1896,106803.5,142944.5,99.2,20.7,515002,126435,309772
2026-04-28 07:25:06,1896,106803.5,142944.5,99.2,20.7,515002,126426,309780
2026-04-28 07:25:11,1896,106803.5,142944.5,99.2,20.7,515002,126402,309805
2026-04-28 07:25:16,1896,106803.5,142944.5,99.2,20.7,515002,126381,309826
2026-04-28 07:25:21,1896,106803.5,142944.5,99.2,20.7,515002,126252,310008
2026-04-28 07:25:26,1896,106803.5,142944.5,99.2,20.7,515002,125833,310390
2026-04-28 07:25:31,1896,106803.5,142944.5,99.2,20.7,515002,125854,310241
2026-04-28 07:25:36,1896,106803.5,142944.5,99.2,20.7,515002,125863,310342
2026-04-28 07:25:41,1896,106803.5,142944.5,99.2,20.7,515002,126165,310040
2026-04-28 07:25:46,1896,106803.5,142944.5,99.2,20.7,515002,126341,309809
2026-04-28 07:25:51,1896,106803.5,142944.5,99.2,20.7,515002,126332,309817
2026-04-28 07:25:56,1896,106879.6,143148.5,99.4,20.7,515002,126388,309762
2026-04-28 07:26:01,1896,106879.6,143148.5,99.4,20.7,515002,126383,309821
2026-04-28 07:26:06,1896,106879.6,143148.5,99.4,20.7,515002,126455,309752
2026-04-28 07:26:11,1896,106879.6,143148.5,99.4,20.7,515002,126450,309757
2026-04-28 07:26:16,1896,106879.6,143148.5,99.4,20.7,515002,126432,309775
2026-04-28 07:26:21,1896,107031.7,143300.6,99.4,20.7,515002,126462,309800
2026-04-28 07:26:26,1896,107031.7,143300.6,99.4,20.7,515002,125981,310280
2026-04-28 07:26:31,1896,107031.7,143300.6,99.4,20.7,515002,126078,310016
2026-04-28 07:26:36,1896,107031.7,143300.6,99.4,20.7,515002,126079,310125
2026-04-28 07:26:41,1896,107031.7,143300.6,99.4,20.7,515002,126383,309821
2026-04-28 07:26:46,1896,121297.5,191130.2,99.4,23.5,515002,141014,295134
2026-04-28 07:26:51,1896,144673.5,191130.2,99.4,28.0,515002,164414,271735
2026-04-28 07:26:56,1896,165218.4,205916.9,99.8,32.0,515002,185121,251024
2026-04-28 07:27:01,1896,213862.7,253594.5,99.8,41.5,515002,233691,202453
2026-04-28 07:27:06,1896,211923.4,286477.6,99.8,41.1,515002,232039,204163
2026-04-28 07:27:11,1896,224050.9,286477.6,99.8,43.5,515002,243927,192275
2026-04-28 07:27:16,1896,233266.2,286477.6,99.8,45.2,515002,253153,183048
2026-04-28 07:27:21,1896,242459.2,286477.6,99.8,47.0,515002,262248,174009
2026-04-28 07:27:26,1896,250796.9,287047.9,99.8,48.6,515002,270091,166163
2026-04-28 07:27:31,1896,253426.4,290241.7,99.8,49.2,515002,272800,163302
